stop_id,stop_lat,stop_lon,stop_name,imd_id
071512,38.790169,-9.124173,R Moçambique (Prior Velho),8035
071545,38.791274,-9.121056,R Cabo Verde (Prior Velho),8037
071537,38.791054,-9.123496,R Bissau 3A (Prior Velho),8099
071521,38.783532,-9.124524,Av Severiano Falcão (Rot Encarnação),8575
070575,38.775123,-9.102521,R João Pinto Ribeiro (Moscavide),9151
071533,38.792756,-9.121633,R Maestro Lopes Graça 6 (Igreja),9464
070596,38.785615,-9.111325,R Mouz Alburquerque (X) R Escola,9519
070590,38.781265,-9.107456,Av Descobrimentos (X) Seminário,9627
070594,38.783974,-9.109828,Av República (Piscinas),9628
070607,38.781039,-9.111786,Av Descobrim (x) R Brasil (C Comercial),9631
070609,38.779701,-9.104471,R Franc Marques Beato 83,9632
071413,38.783070,-9.117381,Av Ralis (Supermercado),9695
071297,38.795998,-9.149343,Estr Militar (X) R J Capítulo,9722
070636,38.798591,-9.147597,R Fetais 3 (Supermercado),9723
071298,38.795981,-9.149549,Estr Militar (X) R J Capítulo,9726
070602,38.783648,-9.116301,Av República (X) R Almirante Reis,9807
071429,38.785899,-9.123806,Av Severiano Falcão 11,9808
071441,38.785206,-9.124319,Av Severiano Falcão 8 (Prior Velho),9809
071542,38.788239,-9.123875,Qta Francelha Baixo,9810
071541,38.788214,-9.123681,Qta Francelha Baixo,9811
070125,38.796118,-9.099753,Sacavém (Estação),9927
071513,38.783881,-9.124810,Av Severiano Falcão (Rot Encarnação),9995
071517,38.781109,-9.110355,Av Descobrimentos 4 (Igreja),10116
071516,38.779098,-9.111079,Lg Bombeiros Voluntários (Portela),10117
071515,38.779434,-9.110906,Lg Bombeiros Voluntários (Portela),10118
071585,38.902263,-9.177732,Ribas Cima (X) Vale S Gião,10618
071586,38.902332,-9.177900,Ribas Cima (X) Vale S Gião,10619
071584,38.902348,-9.176027,Ribas Cima (Lavadouro),10629
071583,38.902306,-9.175653,Ribas Cima (Lavadouro),10630
071347,38.814577,-9.118180,Av Forças Armadas 160 (B Queimadas),10690
070104,38.814769,-9.118755,R Galvões 3B (B Queimadas),10691
070103,38.814851,-9.118683,R Galvões 3B (B Queimadas),10692
071580,38.902968,-9.162521,Ribas Baixo (Esc),10697
071588,38.900667,-9.181578,Cabeço Montachique (Circ Manutenção),10701
071579,38.902892,-9.162465,Ribas Baixo (Esc),10754
071581,38.903301,-9.172869,Ribas Cima,10755
071587,38.900662,-9.181301,Cabeço Montachique (Circ Manutenção),10756
070033,38.822059,-9.176627,Hospital Beatriz Ângelo (Consultas),10855
071582,38.903369,-9.172883,R M Pedro Franco 22 (Ribas Cima),10866
070928,38.857400,-9.132044,R Tazim (Igreja),10927
070927,38.857091,-9.131809,R Tazim (Igreja),10928
070449,38.857848,-9.157668,Bº Zambujeiro (R 25 Abril 13),11108
070447,38.858554,-9.156250,Bº Zambujeiro (R José Afonso 39),11109
072419,38.815693,-9.122279,Catujal (Rua José Gomes Ferreira) Escola,11496
071177,38.815581,-9.199726,R Major Rosa Bastos 13 (Montemor),11586
070030,38.829288,-9.162081,Rua 25 de Abril - Loures (Escola),11792
070031,38.828348,-9.163407,Rua Dr. Alberto Alves de Oliveira,11793
072412,38.844483,-9.095957,Av Infante Santo 18 (Portela Azóia),22343
072411,38.844580,-9.095904,Av Infante Santo 18 (Portela Azóia),22344
072410,38.786308,-9.120453,R Guiné 19 (Prior Velho),22345
072409,38.789593,-9.120259,R Guiné 8 (Prior Velho),22346
072408,38.809821,-9.099013,R António Ferreira 27-23,22347
072407,38.807797,-9.099108,R António Ferreira 12,22348
072406,38.800633,-9.102993,R Fernando Carvalho 9,22349
072405,38.850786,-9.080736,R Cidade Bragança (Escola),22350
072404,38.851097,-9.081403,R Fonte Nova (Escola),22351
072403,38.858248,-9.121466,R Século XX 41 (B Junqueira),22352
072402,38.858186,-9.121434,R Século XX 41 (B Junqueira),22353
072401,38.796301,-9.104400,Praça da República (Sacavém),22354
072400,38.797591,-9.115955,Centro de Saúde de Sacavém,22355
072233,38.910225,-9.173344,Chamboeira (R Combatentes 9),22356
072232,38.910164,-9.173276,Chamboeira (R Combatentes Fte 9),22357
072231,38.867362,-9.183059,En 374 (X) R Alecrim,22358
072230,38.906977,-9.073903,Em 1250 (Bucelas),22359
072229,38.907025,-9.073806,Em 1250 (Bucelas),22360
072228,38.912556,-9.077697,Em 1250 103,22361
072227,38.912704,-9.077672,Em 1250 103,22362
072226,38.917509,-9.080697,Em 1250 (X) R Pinheiro,22363
072225,38.917570,-9.080654,Em 1250 (X) R Pinheiro,22364
072224,38.896889,-9.185985,Cabeço De Montachique,22365
072223,38.870980,-9.150548,Beco da Escola (Pintéus),22366
072222,38.871025,-9.150429,Beco da Escola (Pintéus),22367
072221,38.880722,-9.153275,R Alfredo Dinis (Escola),22368
072220,38.879942,-9.155309,R Alfredo Dinis (Escola),22369
072219,38.880000,-9.155280,R Alfredo Dinis (Escola),22370
072218,38.839711,-9.194341,R Sta Teresinha,22371
072217,38.839609,-9.194306,R Sta Teresinha,22372
072216,38.812030,-9.159524,Av Francisco Pinto Pacheco (Igreja),22373
072215,38.812499,-9.156768,Av João Branco Núncio,22374
072214,38.900998,-9.118253,Rua Marquês de Pombal (Terminal RL),22375
072213,38.848869,-9.201410,Travessa Sto André 6A,22376
072212,38.848926,-9.201444,Travessa Sto André 6A,22377
072211,38.831910,-9.194818,R Raul Rego,22378
072210,38.835047,-9.197586,R 25 Abril 77,22379
072209,38.835079,-9.197690,R 25 Abril 77,22380
072208,38.834951,-9.191894,R Nova 46,22381
072207,38.835015,-9.191859,R Nova 46,22382
072206,38.833416,-9.191266,B Vitória (Escola),22383
072205,38.833393,-9.191146,B Vitória (Escola),22384
072204,38.831742,-9.193946,R Museu Tauromáquico,22385
072203,38.831666,-9.193817,R Museu Tauromáquico,22386
072202,38.849228,-9.184749,Casal da Freira (Milharada),22387
072201,38.849462,-9.184730,Casal da Freira (Milharada),22388
071656,38.906026,-9.218465,R Principal 36 (Várzea),22389
071655,38.906206,-9.218439,R Principal 36 (Várzea),22390
071654,38.908690,-9.216097,R Principal (Casais Forno),22391
071653,38.908743,-9.216038,R Principal (Casais Forno),22392
071652,38.910524,-9.213511,R Principal 2670 (Casais Forno),22393
071651,38.910387,-9.213617,R Principal 2670 (Casais Forno),22394
071649,38.914791,-9.216156,R Principal (Alto),22395
071647,38.866469,-9.110615,Av Nac (X) Av S João (Marl),22396
071643,38.815361,-9.091629,En 10 (ETAR),22397
071641,38.808765,-9.094948,En 10 (X) Estação Bobadela,22398
071639,38.807754,-9.095588,En 10 (X) Estação Bobadela,22399
071638,38.810863,-9.093652,En 10 (Campus Tecnológico Nuclear),22400
071637,38.810253,-9.093899,En 10 (Campus Tecnológico Nuclear),22401
071635,38.814019,-9.091901,En 10 (ETAR),22402
071634,38.822701,-9.089196,En 10 (X) S João Talha (P Combustível),22403
071633,38.823189,-9.088272,En 10 (X) S João Talha,22404
071632,38.830331,-9.086717,En 10 (X) Estacal Novo,22405
071631,38.830822,-9.086383,En 10 (X) Estacal Novo,22406
071630,38.833756,-9.085124,EN10 (Covina),22407
071629,38.834146,-9.084734,EN10 (Covina),22408
071628,38.837126,-9.083204,En 10 (X) R D Pedro V (Supermercado),22409
071627,38.836669,-9.083334,En 10 (X) R D Pedro V (Supermercado),22410
071626,38.840114,-9.082296,En 10 (Sta Iria Azóia),22411
071625,38.840080,-9.082145,En 10 (Sta Iria Azóia),22412
071624,38.819225,-9.146899,R Cidade Lisboa (Z Industrial),22413
071623,38.819241,-9.146759,R Cidade Lisboa (Z Industrial),22414
071622,38.818629,-9.143888,R Cidade do Porto 99 (Z Industrial),22415
071621,38.818614,-9.143718,R Cidade do Porto 99 (Z Industrial),22416
071620,38.819885,-9.144292,R Cidade Setúbal 2 (Z Industrial),22417
071619,38.819607,-9.144210,R Cidade Setúbal 2 (Z Industrial),22418
071618,38.821059,-9.144167,R Cidade Aveiro 11 (Z Industrial),22419
071617,38.821089,-9.143938,R Cidade Aveiro 11 (Z Industrial),22420
071615,38.807104,-9.151437,R 1 Maio (X) R Indústria,22421
071614,38.803953,-9.153450,R 1 Maio (X) R Fonte,22422
071613,38.803867,-9.153343,R 1 Maio (X) R Fonte,22423
071611,38.806733,-9.151874,R 1 Maio (Ponte Frielas),22424
071610,38.808903,-9.150597,R 1 Maio (B Queimadas),22425
071609,38.808864,-9.150492,R 1 Maio (B Queimadas),22426
071608,38.811654,-9.149668,Ponte Frielas (Cruzamento),22427
071607,38.811631,-9.149538,Ponte Frielas (Cruzamento),22428
071605,38.823214,-9.143680,R Qta Pinto 4 (Frielas),22429
071603,38.823176,-9.143134,R Olival 19 (Frielas),22430
071601,38.824215,-9.142987,R Olival 50 (Frielas),22431
071599,38.824870,-9.143142,R Qta Pinto 31 (Escola),22432
071598,38.807774,-9.158498,Av Salgado Zenha 7 (Qta Flores),22433
071597,38.807209,-9.158269,Av Salgado Zenha 7 (Qta Flores),22434
071596,38.808586,-9.159567,Av Salgado Zenha 15 (Qta Flores),22435
071595,38.808378,-9.159954,Av Salgado Zenha 15 (Qta Flores),22436
071594,38.808115,-9.161243,Av Salgado Zenha 1 (Qta Flores),22437
071593,38.808228,-9.161246,Av Salgado Zenha 1 (Qta Flores),22438
071590,38.897086,-9.186290,Cabeço Montachique (Casal Andrade),22440
071589,38.897475,-9.185712,Cabeço Montachique (Casal Andrade),22441
071575,38.855769,-9.226347,Em 1306 (Bolores),22452
071574,38.856773,-9.218683,Em 1306 (Migarrinhos),22453
071573,38.856645,-9.218463,Em 1306 (Migarrinhos),22454
071572,38.816105,-9.157008,Av Infante D Pedro 5 (Qta Almirante),22455
071571,38.816493,-9.156791,Av Infante D Pedro 5 (Qta Almirante),22456
071570,38.814717,-9.157248,Av Infante D Pedro 1 (Qta Almirante),22457
071569,38.814851,-9.157070,Av Infante D Pedro 1 (Qta Almirante),22458
071565,38.865825,-9.205603,R Principal 51 (Torre Trotes),22459
071564,38.915055,-9.217891,En 116 (Casais Forno),22460
071563,38.915267,-9.217698,En 116 (Casais Forno),22461
071562,38.914974,-9.216322,En 116 (Casais Forno),22462
071561,38.915059,-9.216810,En 116 (Casais Forno),22463
071560,38.911259,-9.212826,R Principal (X) R Solar Leões,22464
071559,38.911113,-9.212810,R Principal (X) R Solar Leões,22465
071558,38.909129,-9.214317,R Principal (Casais Forno),22466
071557,38.909045,-9.214309,R Principal (Casais Forno),22467
071556,38.908640,-9.217183,R Principal 63 (Casais Forno),22468
071555,38.908748,-9.217122,R Principal 63 (Casais Forno),22469
071554,38.904495,-9.219631,En 8 20 (X) Várzea,22470
071553,38.904444,-9.219574,En 8 20 (X) Várzea,22471
071551,38.867310,-9.183187,En 374 (Malhapão),22472
071549,38.792003,-9.119857,Av Vasco Gama Fern (X) R J Stos Mateus,22473
071547,38.790243,-9.118250,R Nampula 4 (Prior Velho),22474
071535,38.792304,-9.123160,R Maestro Lopes Graça 6 (Escola),22480
071531,38.792651,-9.120790,R José M Cerqueira Afonso Santos 15,22482
071530,38.794090,-9.119671,R José M Cerqueira Afonso Santos,22483
071525,38.789804,-9.120134,R Guiné 19 (Prior Velho),22485
071523,38.786265,-9.120344,R Guiné 19 (Prior Velho),22486
071511,38.790237,-9.123973,R Moçambique (Prior Velho),22493
071509,38.803177,-9.124288,R Aquilino Ribeiro 6 (Camarate),22494
071507,38.803452,-9.128316,R José Francisco Raposo (Camarate),22495
071505,38.791862,-9.107841,Lgo 1 Maio 45 (Sacavém),22496
071503,38.792593,-9.105891,Av M Luisa Braancamp 7 (Sacavém),22497
071502,38.780213,-9.100880,Av Peregrinação (Moscavide),22498
071501,38.780354,-9.101079,Av Peregrinação (Moscavide),22499
071499,38.829042,-9.106738,R Terra Fontes (X) R Ligação,22500
071498,38.843736,-9.093694,R Bom Jesus 47,22501
071496,38.844737,-9.095480,R Cruzinha 66,22503
071495,38.844840,-9.095581,R Cruzinha 66,22504
071494,38.841944,-9.096381,R Belo Horizonte 51,22505
071493,38.842134,-9.096254,R Belo Horizonte 51,22506
071492,38.840193,-9.097013,R Chãos Sto Amaro 9,22507
071491,38.840431,-9.097316,R Chãos Sto Amaro 9,22508
071490,38.841876,-9.100077,R Chãos Sto Amaro 63,22509
071489,38.841836,-9.099803,R Chãos Sto Amaro 63,22510
071488,38.835803,-9.103259,R Rosa Branca 3 (Parque Desportivo),22511
071487,38.835898,-9.103244,R Rosa Branca 3 (Parque Desportivo),22512
071486,38.836715,-9.105748,R Associação 15 (B Serro Picão),22513
071485,38.836676,-9.105634,R Associação 15 (B Serro Picão),22514
071484,38.835455,-9.106122,R D Sebastiao 4 (B Serro Picão),22515
071483,38.835360,-9.106079,R D Sebastiao 4 (B Serro Picão),22516
071482,38.833976,-9.107514,R Amoreiras 1 (B Serro Picão),22517
071481,38.833973,-9.107413,R Amoreiras 1 (B Serro Picão),22518
071480,38.831662,-9.106263,R Altamira (B Troviscais),22519
071479,38.831755,-9.106178,R Altamira (B Troviscais),22520
071477,38.829535,-9.106715,R Ligação 55 (B Troviscais),22521
071476,38.827717,-9.104544,R Terra Fontes 17 (B Fontes),22522
071475,38.827866,-9.104750,R Terra Fontes 17 (B Fontes),22523
071474,38.827284,-9.103289,R Chafariz (X) R Maria Machado,22524
071473,38.827429,-9.103085,R Chafariz (X) R Maria Machado,22525
071471,38.824007,-9.103028,R Escola 6 (Vale Figueira),22526
071469,38.819813,-9.103796,R Madalena 779 (B Fraternidade),22527
071467,38.817473,-9.104191,R Madalena 52 (B Fraternidade),22528
071465,38.816169,-9.103244,R Combatentes Grande Guerra 30,22529
071463,38.810637,-9.102295,R Bento Gonçalves 28 (Bobadela),22530
071461,38.825181,-9.094770,Pct Abel Manta (S João Talha),22531
071459,38.825635,-9.095496,R Heróis G Guerra 22 (S João Talha),22532
071457,38.828284,-9.093378,R Loures 61 (B Castelhana),22533
071456,38.796846,-9.116670,Estr Militar (Rotunda),22534
071451,38.851174,-9.085668,R Alvorada 65 (Via Rara),22535
071449,38.850496,-9.085024,R Pedro Soares (X) R Alvorada,22536
071450,38.850664,-9.084891,R Pedro Soares (X) R Alvorada,22537
071448,38.849975,-9.083864,Lgo Comércio (Via Rara),22538
071447,38.850113,-9.083920,Lgo Comércio (Via Rara),22539
071446,38.849151,-9.083685,R Esperança (X) R Vale Flor,22540
071445,38.849322,-9.083532,R Esperança (X) R Vale Flor,22541
071444,38.783852,-9.112281,Av República 43 (Junta),22542
071443,38.783694,-9.112339,Av República 43 (Junta),22543
071439,38.801128,-9.102370,R Salgueiro Maia (X) Qta Parreirinha,22545
071437,38.834330,-9.096778,Av Infante Santo 10 (Portela Azóia),22546
071435,38.803826,-9.101800,R Salgueiro Maia (B Petrogal),22547
071434,38.794230,-9.123210,Estr Prior Velho (B Sto António),22548
071433,38.794401,-9.122178,Estr Prior Velho (B Sto António),22549
071432,38.789563,-9.124763,Av Severiano Falcão 22,22550
071431,38.789357,-9.124830,Av Severiano Falcão 22,22551
071425,38.839758,-9.162304,Av Descobertas 27,22555
071423,38.838388,-9.161005,Av Descobertas 43,22556
071421,38.814986,-9.162019,Av Conde Avranches (X) Pct J B Araújo,22557
071420,38.800484,-9.115068,Av Amilcar Cabral (Casa Cultura),22558
071419,38.800689,-9.115403,Av Amilcar Cabral (Casa Cultura),22559
071418,38.815755,-9.139686,Estr Militar 300 (Apelação),22560
071417,38.815618,-9.139643,Estr Militar 300 (Apelação),22561
071415,38.789848,-9.109872,Azinhaga Cabeço (X) R Estado Índia,22562
071412,38.785075,-9.116983,R Vasco da Gama (X) Av Ralis,22564
071411,38.785236,-9.116973,R Vasco da Gama (X) Av Ralis,22565
071410,38.787284,-9.116002,R Vasco Gama 8 (Qta Vitória),22566
071409,38.787397,-9.115729,R Vasco Gama 8 (Qta Vitória),22567
071407,38.789190,-9.110548,Azinhaga Cabeço 9 (Sacavém),22568
071406,38.815429,-9.130335,Av Brasilia 38 (Chafariz),22569
071405,38.815715,-9.130525,Av Brasilia 38 (Chafariz),22570
071404,38.817525,-9.130600,Av Brasilia (X) R Henr Barbosa,22571
071403,38.817657,-9.130715,Av Brasilia (X) R Henr Barbosa,22572
071399,38.802870,-9.121722,R Liberdade 25 (B Santiago),22573
071396,38.794023,-9.110527,R Salvador Allende 4 (Sacavém),22575
071395,38.794216,-9.110668,R Salvador Allende 4 (Sacavém),22576
071394,38.801753,-9.122227,R M Manuela H Marono 9 (Escola),22577
071393,38.801678,-9.122100,R M Manuela H Marono 9 (Escola),22578
071391,38.804795,-9.129379,R Noruega 73 (Camarate),22579
071389,38.805410,-9.126749,R Natália Correia (Parque Desportivo),22580
071387,38.803847,-9.123624,R Ivone Silva 1 (Camarate),22581
071385,38.804329,-9.120902,R Liberdade 57A (B Santiago),22582
071383,38.805785,-9.120760,R Liberdade (X) R Alfredo Lima,22583
071382,38.813770,-9.129947,Av Brasilia 91 (Apelação),22584
071381,38.813299,-9.129737,Av Brasilia 91 (Apelação),22585
071380,38.811721,-9.142710,Est Militar 223 (X) R J Aug Gouveia,22586
071379,38.811801,-9.142755,Est Militar 223 (X) R J Aug Gouveia,22587
071378,38.787884,-9.141064,R Cidade Lisboa 6 (C Saude),22588
071377,38.787729,-9.141206,R Cidade Lisboa 6 (C Saude),22589
071375,38.790400,-9.144810,R Fundadores (Az Rego),22590
071373,38.792742,-9.139137,R Bomb Volunt Camarate 4,22591
071372,38.809965,-9.139554,Av 25 Abril (X) R Vinha Grande,22592
071371,38.809621,-9.139920,Av 25 Abril (X) R Figueiras,22593
071370,38.809347,-9.136317,Av 25 Abril 1 (B Sousas),22594
071369,38.809460,-9.136818,Av 25 Abril 1 (B Sousas),22595
071368,38.808827,-9.133780,Av 25 Abril x Estr S Paulo,22596
071367,38.808893,-9.133456,Av 25 Abril x Estr S Paulo,22597
071366,38.811075,-9.131806,Est S Paulo (Apelação),22598
071365,38.810947,-9.131598,Est S Paulo (Apelação),22599
071364,38.819099,-9.134532,Av José Afonso 4 (B Qta Fonte),22600
071363,38.819224,-9.134346,Av José Afonso 5 (B Qta Fonte),22601
071362,38.818761,-9.132893,Av José Afonso 18 (X) R And Corvo,22602
071361,38.818858,-9.132560,Av José Afonso 18 (X) R And Corvo,22603
071360,38.804415,-9.120196,Est Militar (X) R Santiago,22604
071359,38.804585,-9.120103,Est Militar (X) R Santiago,22605
071358,38.802559,-9.120771,Est Militar (X) R Humb Delgado,22606
071357,38.802625,-9.120972,Est Militar (X) R Humb Delgado,22607
071355,38.797550,-9.115398,Av Comunidades (X) R Ant Spínola,22608
071353,38.820700,-9.121612,Av Forças Armadas 14 (B Miradouro),22609
071351,38.819376,-9.119361,Av Forças Armadas 112 (B Miradouro),22610
071349,38.816694,-9.118463,Av Forças Armadas (Centro Comercial),22611
071345,38.821064,-9.124918,R Bartolomeu Dias 50 (B Coroas),22613
071343,38.822711,-9.126240,R Bartolomeu Dias (X) R Florb Espanca,22614
071341,38.900534,-9.118669,Lgo Espírito Santo (Igreja) (Bucelas),22615
071339,38.830948,-9.128530,Estr Militar (Cabeço Aguieira),22616
071337,38.830967,-9.128238,Estr Militar (Cabeço Aguieira),22617
071336,38.825552,-9.128084,Estr Militar 497 (Qta Granja),22618
071335,38.825641,-9.127998,Estr Militar 497 (Qta Granja),22619
071333,38.823334,-9.126401,Av Forças Armadas (X) R Cemitério,22620
071332,38.782831,-9.104511,Z Comercial (Moscavide),22621
071329,38.814929,-9.118420,Av Forças Armadas (Mercado),22623
071327,38.817049,-9.118655,Av Forças Armadas 409 (B Queimadas),22624
071325,38.818882,-9.119186,Av Forças Armadas 10 (B Miradouro),22625
071323,38.820054,-9.121075,Av Forças Armadas (X) R Liberdade,22626
071322,38.821281,-9.123408,Av Forças Armadas (X) R 25 Dezembro,22627
071321,38.821494,-9.123560,Av Forças Armadas (X) R 25 Dezembro,22628
071319,38.822682,-9.125571,Av Forças Armadas (X) R Bartolomeu Dias,22629
071317,38.820619,-9.124404,R Bartolomeu Dias (X) R Miguel Ângelo,22630
071316,38.787179,-9.103712,En 6-11 (B Trapézio),22631
071315,38.787484,-9.103521,En 6-11 (Correios),22632
071313,38.781795,-9.104266,En 6-11 (Zona Comercial),22633
071311,38.777133,-9.101753,Avenida de Moscavide 30,22634
071309,38.805436,-9.140939,Rua Luís Camões 68 (Olival Basto),22635
071308,38.808923,-9.141190,Rua 25 Abril x R 4 Outubro,22636
071306,38.805821,-9.144435,Estr Militar 28 (X) B Mira Loures,22638
071305,38.805827,-9.144167,Estr Militar 28 (X) B Mira Loures,22639
071304,38.804005,-9.144435,Estr Militar 28 (B Grilo),22640
071303,38.804041,-9.144266,Estr Militar 28 (B Grilo),22641
071302,38.797494,-9.144659,R Arpalas 21 (Escola),22642
071301,38.801108,-9.144849,R Arpalas 21 (Escola),22643
071300,38.799254,-9.146104,R Arpalas 242 (Fetais),22644
071299,38.799250,-9.145985,R Arpalas 238 (Fetais),22645
071295,38.796235,-9.105361,Pç República (Igreja),22648
071293,38.805773,-9.101396,R Salgueiro Maia (B Manuel Diniz),22649
071292,38.853263,-9.081133,R Cap Henr Galvão 23 (B Ariola),22650
071291,38.853096,-9.081117,R Cap Henr Galvão 23 (B Ariola),22651
071290,38.850185,-9.082907,R Olival 31 (Via Rara),22652
071289,38.849864,-9.082854,R Olival 31 (Via Rara),22653
071288,38.848615,-9.083042,R Vale Flor 1 (Via Rara),22654
071287,38.848676,-9.082954,R Vale Flor 1 (Via Rara),22655
071285,38.839292,-9.092384,R Castelo 24 (Pirescoxe),22656
071284,38.833886,-9.096824,Av Infante Santo 50 (Portela Azóia),22657
071282,38.832384,-9.098937,R Alfredo Vitorino Costa 55,22659
071281,38.832555,-9.099173,R Alfredo Vitorino Costa 55,22660
071279,38.807509,-9.099787,R Luís Camões 13 (Bobadela),22661
071277,38.796766,-9.104630,Pç República (Est serviço),22662
071276,38.791150,-9.106174,R Estado Índia 55 (Sacavém),22663
071275,38.790929,-9.106105,R Estado Índia 55 (Sacavém),22664
071273,38.900976,-9.118102,Rua Marquês de Pombal (Terminal RL),22665
071271,38.902821,-9.076320,Romeira Cima,22666
071270,38.816878,-9.164805,R Guerra Junqueiro 11 (Cidade Nova),22667
071269,38.817038,-9.164755,R Guerra Junqueiro 11 (Cidade Nova),22668
071267,38.813543,-9.159544,Av Conde Avranches 26,22669
071260,38.845041,-9.228574,Em 539-3 52 (A-Dos-Cãos),22670
071259,38.845026,-9.228402,Em 539-3 52 (A-Dos-Cãos),22671
071258,38.850961,-9.076358,Av D Afonso Albuquerque (Supermercado),22672
071257,38.851037,-9.076468,Av D Afonso Albuquerque (Supermercado),22673
071256,38.849805,-9.081545,Av D Afonso Albuquerque (Parque),22674
071255,38.849801,-9.081424,Av D Afonso Albuquerque (Parque),22675
071254,38.839032,-9.101273,Av 25 Abril (X) B S Lourenço,22676
071253,38.838952,-9.101145,Av 25 Abril (X) B S Lourenço,22677
071251,38.804637,-9.103554,R D Manuel I 24 (Escola),22678
071249,38.810616,-9.100670,R Horácio Costa Moreira 190 (Bobadela),22679
071247,38.824500,-9.102050,R Alfredo Vit Costa 20 (Vale Figueira),22680
071245,38.829300,-9.101050,R Alfredo Vit Costa 88 (B Maroitas),22681
071243,38.839222,-9.093288,Lgo Pirescoxe 14 (Parque),22682
071242,38.843722,-9.080391,En 10 95 (Zona Industrial),22683
071241,38.843741,-9.080182,En 10 95 (Zona Industrial),22684
071239,38.846139,-9.077764,En 10 (X) R Jose Freitas Branco,22685
071238,38.844760,-9.090031,R Angola 136 (Campo Futebol),22686
071237,38.844722,-9.089474,R Angola 136 (Campo Futebol),22687
071236,38.843141,-9.091471,R Alto Cruzinha 54,22688
071235,38.843502,-9.091168,R Alto Cruzinha 54,22689
071234,38.836564,-9.096115,Av Infante Santo 73 (Portela Azóia),22690
071233,38.836525,-9.095958,Av Infante Santo 73 (Portela Azóia),22691
071232,38.836594,-9.101876,Av 25 Abril (X) R Pedro Soares,22692
071231,38.836292,-9.101724,Av 25 Abril (X) R Pedro Soares,22693
071230,38.831615,-9.101002,R Alf Vit Costa (Rotunda),22694
071229,38.831472,-9.101322,R Alf Vit Costa (Rotunda),22695
071227,38.829585,-9.100923,R Alf Vit Costa 88 (B Maroitas),22696
071226,38.826795,-9.101387,R Alf Vit Costa 54 (Escola),22697
071225,38.826919,-9.101124,R Alf Vit Costa 54 (Escola),22698
071223,38.810070,-9.099931,Lgo Inf D Henrique 7,22699
071221,38.804602,-9.103179,R D Manuel I 24 (Escola),22700
071219,38.800209,-9.101379,R Jarros (B Petrogal),22701
071217,38.855313,-9.090056,R Chafariz 2A,22702
071215,38.857216,-9.089655,R Olival Da Serra 53,22703
071213,38.860299,-9.086129,R Vladimir Ilitch Lenine 1,22704
071211,38.858192,-9.087486,R Sidónio Pais 24A,22705
071209,38.857308,-9.089299,R Olival Serra 53 (X) R Rainha Santa,22706
071207,38.855290,-9.089620,R Rainha Santa 10,22707
071205,38.854161,-9.090727,R Gaspar Lopes 16,22708
071204,38.843553,-9.084487,Lgo S Francisco Xavier,22709
071202,38.846965,-9.083133,Av Sta Iria (Pass Sup),22711
071201,38.847050,-9.082970,Av Sta Iria (Pass Sup),22712
071197,38.861300,-9.113930,En 115 (Casal Do Rosal),22713
071195,38.864255,-9.101445,Quintanilho (X) (R Fernando Lopes Graça,22714
071193,38.864770,-9.099411,R Movimento Forças Armadas 1,22715
071192,38.905535,-9.071487,Portela (X),22716
071191,38.905617,-9.071358,Portela (X),22717
071190,38.817487,-9.149226,R Cidade Loures 40 (Zona Comercial),22718
071187,38.807167,-9.177332,R M Helena Vieira Silva 217,22719
071185,38.805763,-9.175123,R 4 Outubro 8 (C Paradela),22720
071184,38.807310,-9.170904,R 4 Outubro (X) R José P Lourenço,22721
071183,38.807318,-9.170639,R 4 Outubro (X) R José P Lourenço,22722
071181,38.806347,-9.175415,R Aug Dias Silva 98 (Externato),22723
071179,38.808866,-9.176953,R Joaquim Augusto Dias (C Paradela),22724
071176,38.816891,-9.193801,En 250 (Pedreiras) (Montemor),22727
071175,38.816991,-9.193912,En 250 (Pedreiras) (Montemor),22728
071174,38.816138,-9.200532,R Major Rosa Bastos 21 (Montemor),22729
071173,38.816459,-9.200661,R Major Rosa Bastos 21 (Montemor),22730
071172,38.818220,-9.202583,R Major Rosa Bastos 58 (Montemor),22731
071171,38.818677,-9.203005,R Major Rosa Bastos 58 (Montemor),22732
071169,38.887166,-9.126104,Ponte Rio Trancão,22733
071167,38.875030,-9.133382,En 115 (Restaurante),22734
071165,38.863818,-9.132903,En 115 (Rotunda),22735
071163,38.815002,-9.187721,Av 25 Abril (Urb Jardim Amoreiras),22736
071162,38.816135,-9.188326,R Casal Reis (Rotunda),22737
071161,38.816301,-9.188094,R Casal Reis (Rotunda),22738
071160,38.859871,-9.135250,S Julião Tojal (Oficinas),22739
071159,38.859713,-9.135185,S Julião Tojal (Oficinas),22740
071157,38.864572,-9.134174,En 115 (Rotunda),22741
071155,38.874559,-9.134382,En 115 (Restaurante),22742
071154,38.877400,-9.130870,Trancão (X) Zambujal,22743
071153,38.877400,-9.130910,Trancão (X) Zambujal,22744
071151,38.888313,-9.125459,Ponte Rio Trancão,22745
071150,38.894651,-9.121482,En 115 (Km 74),22746
071149,38.894621,-9.121284,En 115 (Km 74),22747
071148,38.898700,-9.119080,Bucelas (Chafariz),22748
071147,38.898700,-9.119040,Bucelas (Chafariz),22749
070558,38.813161,-9.155916,Sto António Cavaleiros (X),22752
071143,38.812303,-9.156053,Sto António Cavaleiros (X),22753
071141,38.804062,-9.157577,R Alm Gago Coutinho 119,22754
071139,38.800978,-9.158920,R Alm Gago Coutinho 77,22755
071137,38.802238,-9.158091,R Alm Gago Coutinho 99,22756
071134,38.806816,-9.157555,R Comandante Sacadura Cabral 1,22757
071133,38.806477,-9.157405,R Comandante Sacadura Cabral 1,22758
071132,38.810000,-9.156778,R Sacadura Cabral 22 (Jardim),22759
071131,38.809968,-9.156553,R Sacadura Cabral 22 (Jardim),22760
071130,38.911864,-9.170262,Rua Da Fonte ( Rua Da Carreirinha),22761
071129,38.911921,-9.170317,Rua Da Fonte ( Rua Da Carreirinha),22762
071128,38.910327,-9.167285,Rua Da Fonte ( Tv Do União),22763
071127,38.910358,-9.167073,Rua Da Fonte ( Tv Do União),22764
071126,38.910078,-9.164690,Rua Da Fonte ( Rua Da Liberdade),22765
071125,38.910143,-9.164632,Rua Da Fonte ( Rua Da Liberdade),22766
071124,38.902754,-9.200481,En 374-2 (Cabeço Montachique),22767
071123,38.902619,-9.200912,En 374-2 (Cabeço Montachique),22768
071122,38.900683,-9.205116,En 374-2 5 (Lousa),22769
071121,38.900739,-9.204914,En 374-2 5 (Lousa),22770
071120,38.892860,-9.200958,En 374-2 (Lousa),22771
071119,38.892989,-9.200765,En 374-2 (Lousa),22772
071118,38.889057,-9.205036,En 374-2 4 (Lousa),22773
071117,38.888871,-9.205026,En 374-2 4 (Lousa),22774
071116,38.867594,-9.212842,R Herois Ultramar 28,22775
071115,38.867204,-9.212846,R Herois Ultramar 28,22776
071114,38.899227,-9.218120,R Herois Ultramar 224,22777
071113,38.899672,-9.218053,R Herois Ultramar 224,22778
071112,38.902320,-9.219170,R Herois Ultramar (X) C Monte Gordo,22779
071111,38.902304,-9.218938,R Herois Ultramar (X) C Monte Gordo,22780
071110,38.910148,-9.224794,R Herois Ultramar 315,22781
071109,38.910161,-9.224620,R Herois Ultramar 315,22782
071108,38.907390,-9.223406,R Herois Ultramar 251,22783
071105,38.906581,-9.222830,R Herois Ultramar (Lavadouro),22784
071104,38.903867,-9.220769,R Herois Ultramar 203,22787
071103,38.903906,-9.220653,R Herois Ultramar 203,22788
071098,38.895416,-9.216318,R Herois Ultramar 132,22792
071097,38.895398,-9.216013,R Herois Ultramar 132,22793
071096,38.893054,-9.212578,R Herois Ultramar 79C,22794
071095,38.893408,-9.212975,R Herois Ultramar 79C,22795
071094,38.891724,-9.210561,R Herois Ultramar (X) Carvalheiro,22796
071093,38.891792,-9.210459,R Herois Ultramar 100 (Escola),22797
071092,38.889386,-9.206618,R Herois Ultramar 3A,22798
071091,38.889593,-9.206695,R Herois Ultramar 3A,22799
071090,38.886501,-9.205412,En 8 (X) R Carrasqueiras salemas,22800
071089,38.886436,-9.205284,En 8 (X) R Carrasqueiras salemas,22801
071088,38.884266,-9.205373,R Herois Ultramar (Ponte),22802
071087,38.884305,-9.205244,R Herois Ultramar (Ponte),22803
071086,38.881630,-9.204557,R Herois Ultramar (Campo Futebol),22804
071083,38.881092,-9.204238,R Herois Ultramar 202,22806
071082,38.876141,-9.208241,R Herois Ultramar 181,22807
071081,38.875887,-9.208475,R Herois Ultramar 181,22808
071078,38.870543,-9.211578,R Herois Ultramar 55,22810
071077,38.870571,-9.211449,R Herois Ultramar 55,22811
071072,38.864761,-9.211080,En 8 5 (Ponte Lousa),22812
071071,38.864605,-9.211063,En 8 5 (Ponte Lousa),22813
071070,38.859364,-9.210180,En 8 (X) Campo Tiro,22814
071069,38.859481,-9.209991,En 8 (X) Campo Tiro,22815
071068,38.852759,-9.203673,R Combatentes Ultramar (Ferro Velho),22816
071067,38.853056,-9.203643,R Combatentes Ultramar (Ferro Velho),22817
071062,38.866693,-9.213758,R Herois Ultramar 25,22819
071061,38.866779,-9.213748,R Herois Ultramar 25,22820
071060,38.867542,-9.224130,Cm 1205 (Casal Oliveiras),22821
071059,38.867375,-9.224441,Cm 1205 (Casal Oliveiras),22822
071057,38.892509,-9.228066,R Pinhal (X) R Monte Gordo,22823
071055,38.887303,-9.224874,R Carcavelos (X) R Principal,22824
071054,38.892700,-9.228260,R do Pinhal 8,22825
071053,38.892700,-9.228220,R do Pinhal 8,22826
071052,38.896324,-9.222607,Rua das Azenhas 126,22827
071051,38.896214,-9.222569,Rua das Azenhas 126,22828
071050,38.902345,-9.219332,Rua Casais Monte Gordo,22829
071049,38.902248,-9.219136,Rua Casais Monte Gordo,22830
071048,38.887090,-9.178749,R M Pedro Franco 59 (Torre Besoeira),22831
071047,38.887028,-9.178807,R M Pedro Franco 59 (Torre Besoeira),22832
071046,38.886413,-9.177226,R Manuel Pedro Franco (X) R Luís Camões,22833
071045,38.886544,-9.177299,Torre Besoeira (R Luís Camões 1),22834
071044,38.882998,-9.170087,R 25 Abril 25 (Casainhos),22835
071043,38.883296,-9.170458,Casainhos (R 25 Abril) Cpo Futebol,22836
071042,38.882458,-9.168804,Casainhos (R 1º Maio 20),22837
071039,38.882539,-9.167296,Casainhos (R João Simões Castelo 26),22838
071037,38.881583,-9.165834,Casainhos (R Luís Camões 44),22839
071035,38.868100,-9.150871,Pinteus (R Humb Delgado 2),22840
071033,38.861904,-9.151494,Estrada Pinteus (Grupo Empresarial),22841
071031,38.863013,-9.152095,Estrada Pinteus (Grupo Empresarial),22842
071030,38.866574,-9.152551,Pinteus (R Alexandre Herculano),22843
071029,38.866190,-9.152636,Pinteus (R Alexandre Herculano),22844
071027,38.868306,-9.150994,Pinteus (R Alfredo Caldeira),22845
071025,38.880868,-9.155741,R Bartol Cunha Robalo 2 (Fanhões),22846
071023,38.882161,-9.155335,R Monte Esperança 38 (Fanhões),22847
071021,38.882414,-9.153194,Largo Igreja (Fanhões),22848
071019,38.881497,-9.152535,R Artur Domingos Simões 1 (Fanhões),22849
071018,38.881440,-9.163688,R Luis Camões 3 (Casainhos),22850
071017,38.881524,-9.163625,R Luis Camões 3 (Casainhos),22851
071015,38.881484,-9.166106,Casainhos (R General Humberto Delgado 1),22852
071014,38.881959,-9.167674,Casainhos (R Catarina Eufémia 1),22853
071011,38.882361,-9.169103,Casainhos (R 25 Abril 5),22854
071010,38.907008,-9.156790,Freixial (X) R Alves Redol,22855
071009,38.906951,-9.156900,Freixial (X) R Alves Redol,22856
071007,38.908595,-9.175620,Chamboeira (R República) (X) (R Saudade),22857
071004,38.911166,-9.176159,Chamboeira (R República 103),22860
071003,38.911250,-9.176108,R República 103 (Chamboeira),22861
071001,38.909204,-9.174584,R República (X) R Combatentes,22862
071000,38.908386,-9.168978,R República 49 (Chamboeira),22863
070999,38.908323,-9.168342,Chamboeira (R República 49),22864
070998,38.908543,-9.165847,Chamboeira (R República 35),22865
070997,38.908653,-9.165589,R República 35 (Chamboeira),22866
070996,38.908149,-9.162884,Chamboeira (R República 30),22867
070995,38.908391,-9.162443,R República 30 (Chamboeira),22868
070993,38.908955,-9.159899,R República 8 (Chamboeira),22869
070992,38.908222,-9.157748,Qta Bela Vista,22870
070991,38.908204,-9.157532,R República 56 (Qta Bela Vista),22871
070988,38.905707,-9.154746,Freixial (Centro),22873
070987,38.905758,-9.154640,Freixial (Centro),22874
070986,38.905002,-9.155939,R Agostinho José Silva (X) Estr Ribas,22875
070985,38.904757,-9.155599,R Agostinho José Silva (X) Estr Ribas,22876
070984,38.903446,-9.155350,Freixial (Bombas),22877
070983,38.903348,-9.155263,R Agostinho José Silva (P Combustível),22878
070982,38.903965,-9.146975,Freixial (X) Aviário,22879
070981,38.904049,-9.147054,En 116 (X) Caminho Do Picoto,22880
070980,38.903469,-9.138734,R Marechal Carmona 52 (Bucelas),22881
070979,38.903394,-9.138492,En 116 (Restaurante),22882
070978,38.903624,-9.132385,R Marechal Carmona 34 (Bucelas),22883
070977,38.903401,-9.132643,En 116 (Fábrica),22884
070976,38.903510,-9.126212,Bucelas (Casarão),22885
070975,38.903793,-9.127282,R Marechal Carmona 13 (Bucelas),22886
070974,38.902634,-9.121593,R Mal Carmona 11 (Bucelas (X) Sobral),22887
070973,38.902678,-9.121725,R Mal Carmona 11 (Sobral (X) Bucelas),22888
070971,38.888400,-9.226390,R Carcavelos,22889
070969,38.893400,-9.229000,R Pinhal 8,22890
070967,38.844146,-9.128528,R Sacadura Cabral 64 (B Olival Queimado),22891
070966,38.846730,-9.128433,R Tazim 20 (B Olival Queimado),22892
070965,38.845588,-9.125737,R Tazim 20 (B Olival Queimado),22893
070964,38.854064,-9.144372,R. Padre Américo 45,22894
070963,38.852390,-9.143493,R. Padre Américo Fte 37,22895
070960,38.852398,-9.140560,Largo Félix Da Silva Avelar Brotero 7,22896
070959,38.852305,-9.140480,Largo Félix Da Silva Avelar Brotero 7,22897
070958,38.854698,-9.139196,Rua Luís De Camões 1,22898
070957,38.854714,-9.139110,Rua Luís De Camões 1,22899
070955,38.868701,-9.118137,R do Alecrim,22900
070953,38.868677,-9.120439,Zambujal (B Carrasqueira) R Lírios (X) R Dálias,22901
070951,38.870552,-9.120617,Zambujal (R Fonte Velha),22902
070950,38.838023,-9.166781,R Funchal 77 (Qta Sacouto),22903
070949,38.837821,-9.166709,R Funchal 77 (Qta Sacouto),22904
070947,38.828241,-9.162862,R Dr Henrique Barbas Albuquerque 8,22905
070946,38.845098,-9.162517,En 115 49 (Qta Nova S Roque),22906
070945,38.845386,-9.162414,En 115 49 (Qta Nova S Roque),22907
070944,38.847017,-9.162058,S Roque (X) A Das Lebres,22908
070943,38.846926,-9.162358,S Roque (X) A Das Lebres,22909
070942,38.849739,-9.159073,R S Roque 38,22910
070941,38.849858,-9.159035,R S Roque 38,22911
070940,38.852182,-9.152914,Zambujeiro (X),22912
070939,38.852310,-9.153261,Zambujeiro (X),22913
070938,38.857318,-9.135075,S Julião Tojal (X) B Tazim,22914
070937,38.857057,-9.135174,S Julião Tojal (X) B Tazim,22915
070936,38.854545,-9.135449,R Ribeirinha 2 (B Tazim),22916
070935,38.854970,-9.135241,R Ribeirinha 2 (B Tazim),22917
070934,38.853190,-9.133590,R G Velho Cabral (X) R Gonçalves Zarco,22918
070933,38.853273,-9.133682,R G Velho Cabral (X) R Gonçalves Zarco,22919
070932,38.853147,-9.132349,R G Velho Cabral (X) B Olival Queimado,22920
070931,38.853224,-9.132328,R G Velho Cabral (X) B Olival Queimado,22921
070930,38.855367,-9.131602,R Tazim 17,22922
070929,38.855124,-9.131694,R Tazim 17,22923
070926,38.862114,-9.123316,Estrada Zambujal (Rotunda),22926
070925,38.861830,-9.123069,Estrada Zambujal (Rotunda),22927
070924,38.864677,-9.124709,R Dr Alb Alves Oliveira 31,22928
070923,38.864554,-9.124580,R Dr Alb Alves Oliveira 31,22929
070922,38.868816,-9.125592,R Dr Alb Alves Oliveira (X) R Ary Stos,22930
070921,38.868654,-9.125473,R Dr Alb Alves Oliveira (X) R Ary Stos,22931
070920,38.870210,-9.124200,R República 4 (Zambujal),22932
070919,38.870368,-9.123777,R República 4 (Zambujal),22933
070918,38.871200,-9.122940,Lgo Ant Sérgio (GNR),22934
070917,38.871312,-9.122879,Lgo Ant Sérgio (GNR),22935
070915,38.870556,-9.120541,Zambujal (R Fonte Velha),22936
070913,38.869222,-9.119695,Zambujal (Bº Carrasqueira) Pq Urbano,22937
070911,38.792925,-9.138402,R Pêro Escobar 20 (Alto Mucharros),22938
070909,38.804999,-9.131619,R Cemitério (Escola),22939
070908,38.806366,-9.140606,R Sta Clara 94 (B S José),22940
070907,38.806669,-9.140549,R Sta Clara 94 (B S José),22941
070905,38.804798,-9.140335,R Sta Clara 47 (B S José),22942
070904,38.805318,-9.142490,R Indústria 39 (B S José),22943
070903,38.805366,-9.142430,R Indústria 39 (B S José),22944
070901,38.806279,-9.144357,Estr Militar (X) R Indústria,22945
070899,38.808778,-9.143389,Estr Militar (X) R Camélias,22946
070898,38.808600,-9.141140,R República 3 (B Bogalheira),22947
070897,38.808545,-9.141027,R República 3 (B Bogalheira),22948
070896,38.806366,-9.139323,R G Júlio Conceição (X) R 28 Janeiro,22949
070894,38.805315,-9.137561,R Gregório Júlio Conceição (X) Urb Nova,22951
070893,38.805627,-9.138152,R Gregório Júlio Conceição (X) Urb Nova,22952
070892,38.804670,-9.134599,R M Deolinda R G Ferreira (Qta Arieira),22953
070891,38.804795,-9.134645,R M Deolinda R G Ferreira (Qta Arieira),22954
070890,38.804901,-9.131195,Em 507-1 (Escola) (Camarate),22955
070889,38.804984,-9.131088,Em 507-1 (Escola) (Camarate),22956
070888,38.803951,-9.129657,R Eduardo Aug Pinto 42 (Chafariz),22957
070887,38.803825,-9.129634,R Eduardo Aug Pinto 42 (Chafariz),22958
070886,38.802253,-9.127757,R Eduardo Aug Pinto 2 (Correios),22959
070885,38.802323,-9.127696,R Eduardo Aug Pinto 2 (Correios),22960
070884,38.795547,-9.137125,Camarate (Qta Sta Rosa),22961
070883,38.795577,-9.136917,Camarate (Qta Sta Rosa),22962
070881,38.793300,-9.138341,Alto Mucharros (X) B S Francisco,22963
070880,38.791633,-9.136820,R Pêro Escobar 36 (Escola),22964
070879,38.791876,-9.136629,R Pêro Escobar 36 (Escola),22965
070878,38.789000,-9.140570,Est B S Francisco Bloco C,22966
070877,38.788848,-9.140630,Est B S Francisco Bloco C,22967
070876,38.789972,-9.141385,R Cidade de Lisboa 29 (B Angola),22968
070875,38.790305,-9.141253,R Cidade de Lisboa 29 (B Angola),22969
070874,38.792326,-9.142119,R Sto António Zaire (Escola),22970
070872,38.854306,-9.144708,R Santo Antão 9 (Parque RL),22971
070835,38.854455,-9.143936,R Santo Antão 2 (Jardim),22972
070870,38.857742,-9.133394,R 1 Maio 57 (S Julião Tojal),22973
070841,38.857770,-9.132769,R 1 Maio 52 (S Julião Tojal),22974
070867,38.861081,-9.118263,En 115-5 (Pq Indústrial Arneiro),22975
070865,38.870450,-9.107536,Av Principal Rouco (X) Rua 10 (MARL),22976
070864,38.869953,-9.109951,Av Principal Rouco (X) Rua 4 (MARL),22977
070863,38.869802,-9.109882,Av Principal Rouco (X) Rua 4 (MARL),22978
070861,38.866580,-9.110379,AV Nac (X) R 1 (MARL),22979
070859,38.867086,-9.108108,AV Nac (X) R 5 (MARL),22980
070857,38.867394,-9.106505,AV Nac (X) R 9 (MARL),22981
070855,38.867082,-9.104655,Av Santa Maria (X) Rua 11 (MARL),22982
070853,38.866431,-9.107753,Av Santa Maria (X) Rua 5 (MARL),22983
070851,38.860830,-9.119135,En 115-5 (B Junqueira),22984
070850,38.860545,-9.123658,R Arquitecto Dias Coelho 23 (Qta Cruz),22985
070849,38.860565,-9.124051,R Arquitecto Dias Coelho 23 (Qta Cruz),22986
070848,38.860342,-9.127040,R Arquitecto Dias Coelho 10,22987
070847,38.860246,-9.126843,R Arquitecto Dias Coelho 10,22988
070846,38.859575,-9.129084,R 1 Maio 109 (S Julião Tojal),22989
070845,38.859692,-9.128850,R 1 Maio 109 (S Julião Tojal),22990
070844,38.858513,-9.130467,R 1 Maio 95 (S Julião Tojal),22991
070843,38.858399,-9.130475,R 1 Maio 95 (S Julião Tojal),22992
070840,38.858092,-9.136993,R Alfredo Dinis (Chafariz),22995
070839,38.857952,-9.137030,R Alfredo Dinis (Chafariz),22996
070838,38.856052,-9.141077,R 25 Abril 44 (Sto Antão Tojal),22997
070837,38.855982,-9.140973,R 25 Abril 44 (Sto Antão Tojal),22998
070834,38.837532,-9.088427,R 10 Julho 3 (B Covina),23001
070833,38.837646,-9.088588,R 10 Julho 3 (B Covina),23002
070832,38.835559,-9.089192,R 10 Julho 22 (B Covina),23003
070831,38.835635,-9.088985,R 10 Julho 22 (B Covina),23004
070830,38.836581,-9.092394,R José Augusto Gouveia 12 (Pirescoxe),23005
070829,38.836499,-9.092189,R José Augusto Gouveia 12 (Pirescoxe),23006
070825,38.837200,-9.095830,Av Inf Santo 76,23007
070823,38.839835,-9.095091,Av Inf Santo (Portela Azóia),23008
070822,38.843235,-9.095318,Av Inf Santo 24,23009
070821,38.843246,-9.095224,Av Inf Santo 24,23010
070820,38.845348,-9.097983,Av Inf Santo (Cemitério),23011
070819,38.845533,-9.097833,Av Inf Santo (Cemitério),23012
070817,38.845456,-9.099711,En 115 (Parque Urbano),23013
070815,38.843537,-9.101003,Av 25 Abril 54 (Portela Azóia),23014
070814,38.840449,-9.100943,Av 25 Abril 40 (Portela Azóia),23015
070813,38.840325,-9.100850,Av 25 Abril 40 (Portela Azóia),23016
070811,38.838933,-9.100697,Av 11 Março 37 (Portela Azóia),23017
070809,38.837573,-9.098757,Av 11 Março 66 (Portela Azóia),23018
070807,38.837124,-9.096726,Av 11 Março 84 (Portela Azóia),23019
070801,38.818433,-9.096741,R 25 de Abril 7 (C Saúde),23020
070799,38.816450,-9.097621,Rua Aristides Sousa Mendes,23021
070797,38.814483,-9.097005,R Nossa Sra Ajuda 5,23022
070795,38.807214,-9.101158,R Amílcar Cabral 3,23023
070793,38.808829,-9.102197,R Mártires Tarrafal 43,23024
070791,38.810216,-9.102051,R Bento Gonçalves 1,23025
070790,38.810290,-9.103917,R Norte 8 (B Bela Vista),23026
070789,38.810730,-9.103645,R Norte 8 (B Bela Vista),23027
070788,38.813347,-9.102759,R Santa Justa (X) R Navegantes,23028
070787,38.813341,-9.102592,R Santa Justa (X) R Navegantes,23029
070785,38.815701,-9.103716,Praceta Combatentes 21 (Igreja),23030
070783,38.817642,-9.104896,R Principal (X) R Remédios,23031
070781,38.819903,-9.104097,R Principal 5 (B Fraternidade),23032
070780,38.821168,-9.102279,R Escola 10 (B Fraternidade),23033
070779,38.821050,-9.102176,R Escola 19 (B Fraternidade),23034
070777,38.823772,-9.103004,R Escola 19 (Vale Figueira),23035
070775,38.825000,-9.102270,R Alvaro Manuel Roxo (Jardim),23036
070773,38.824635,-9.100227,R D Nuno Alvares Pereira 4,23037
070771,38.846214,-9.086446,R Angola 22,23038
070769,38.834399,-9.093744,R Circunvalação 58,23039
070767,38.828496,-9.093061,R Brasil 59 (B Castelhana),23040
070765,38.827013,-9.093059,R Sociedade 305 (B Castelhana),23041
070763,38.818829,-9.099074,R D Afonso Henriques 68,23042
070761,38.815900,-9.100211,R D Af Henriques) (X) B Fraternidade,23043
070759,38.814371,-9.100276,R D Af Henriques (X) B Figueira,23044
070757,38.799755,-9.098641,En 10 (B Petrogal),23045
070755,38.801517,-9.098704,En 10 (B Petrogal),23046
070754,38.805226,-9.096338,En 10 (B Petrogal),23047
070753,38.805616,-9.096009,En 10 (B Petrogal),23048
070751,38.807791,-9.099201,R Ant Ferreira 3,23049
070749,38.809757,-9.099189,R Ant Ferreira 21,23050
070748,38.813441,-9.100438,R D Af Henriques (X) B Figueira,23051
070747,38.813921,-9.099873,Bº Figueira (Rua Mira Tejo),23052
070745,38.814819,-9.100455,R D Af Henriques (X) B Fraternidade,23053
070743,38.817537,-9.099806,R D Afonso Henriques 35,23054
070742,38.819693,-9.098796,R D Afonso Henriques 78,23055
070740,38.822405,-9.098245,R D Afonso Henriques 14 (C Comercial),23056
070739,38.822811,-9.098201,R D Afonso Henriques 14 (C Comercial),23057
070738,38.824353,-9.095013,R Heróis Grande Guerra 37 (Urb Areeiro),23058
070737,38.824077,-9.094928,R Heróis Grande Guerra 37 (Urb Areeiro),23059
070736,38.831113,-9.093333,R Circunvalação 74 (B Estacal Novo),23060
070735,38.831196,-9.093200,R Circunvalação 74 (B Estacal Novo),23061
070734,38.832334,-9.093440,R Circunvalação 342 (B Estacal Novo),23062
070733,38.832505,-9.093276,R Circunvalação 342 (B Estacal Novo),23063
070731,38.834462,-9.093875,R Circunvalação 51,23064
070728,38.838180,-9.092359,R D Pedro V 3 (Qta Castelo),23065
070727,38.838028,-9.092465,R D Pedro V 3 (Qta Castelo),23066
070726,38.838240,-9.090955,R Progresso 43 (B Courelas),23067
070725,38.838313,-9.090873,R Progresso 43 (B Courelas),23068
070724,38.839769,-9.091530,R Progresso 65 (B Courelas),23069
070723,38.839883,-9.091425,R Progresso 65 (B Courelas),23070
070722,38.841224,-9.090426,R Progresso 96 (B Courelas),23071
070721,38.841317,-9.090415,R Progresso 96 (B Courelas),23072
070720,38.842346,-9.089775,Estr Cruzinha 15 (B Cativo),23073
070719,38.842364,-9.089566,Estr Cruzinha 15 (B Cativo),23074
070718,38.844206,-9.088887,R Zeca Afonso 10 (Urb Alto Eira),23075
070717,38.844313,-9.088699,R Zeca Afonso 10 (Urb Alto Eira),23076
070715,38.846386,-9.085745,R Angola 6,23077
070714,38.844391,-9.084119,R Francisco Xavier 34,23078
070713,38.844337,-9.084259,R Francisco Xavier 34,23079
070712,38.845987,-9.083690,R Francisco Xavier 55 (X) R Diu,23080
070711,38.846080,-9.083339,R Francisco Xavier 55,23081
070710,38.842386,-9.081919,Av Santa Iria 8,23082
070709,38.842054,-9.081996,Av Santa Iria 8,23083
070707,38.841321,-9.080293,Sta Iria Azóia (Estação),23084
070705,38.797456,-9.115709,Av Comunidades (Sacavém),23085
070703,38.795099,-9.110362,R Salvador Allende (X) (R Luís Camões,23086
070701,38.794249,-9.108390,R José Duarte Morais 34 (Sacavém),23087
070700,38.793931,-9.108235,Pct Bomb Voluntário (X) R Palma Carlos,23088
070699,38.793852,-9.108128,Pct Bomb Voluntário (X) R Palma Carlos,23089
070698,38.795790,-9.105415,Praça República (Jardim),23090
070697,38.795788,-9.105285,Praça República (Jardim),23091
070695,38.792869,-9.103429,R Fábrica Loiça (Sacavém),23092
070693,38.790684,-9.103658,R Cidade Goa 1424 (Sacavém),23093
070691,38.789614,-9.104277,R Loriga (Sacavém),23094
070689,38.788970,-9.105589,R Sport Grupo Sacavenense (X) R Loriga,23095
070688,38.790262,-9.110655,R Estado Índia 10 (Sacavém),23096
070687,38.790129,-9.110523,R Estado Índia 10 (Sacavém),23097
070686,38.791013,-9.112467,R Trigueiros Martel 15 (Sacavém),23098
070685,38.791038,-9.112331,R Trigueiros Martel 15 (Sacavém),23099
070684,38.792254,-9.110668,R Heróis Ultramar 12 (Escola),23100
070683,38.792223,-9.110535,R Heróis Ultramar 12 (Escola),23101
070682,38.793175,-9.110539,R Júlio Bruno Costa Pereira 3B,23102
070681,38.793250,-9.110351,R Júlio Bruno Costa Pereira 3B,23103
070679,38.794161,-9.111522,R Júlio C Pereira (X) R S Allende,23104
070678,38.794905,-9.113469,R Salvador Allende 30,23105
070677,38.794789,-9.113859,R Salvador Allende 30,23106
070676,38.795366,-9.115680,R Salvador Allende 44,23107
070675,38.795607,-9.115723,R Salvador Allende 44,23108
070674,38.796096,-9.113058,R Teófilo Lopes Constantino 31,23109
070673,38.796237,-9.113297,R Teófilo Lopes Constantino 31,23110
070672,38.796518,-9.111357,R M R Bastos (X) R Teófilo L Constantino,23111
070671,38.796488,-9.111252,R M R Bastos (X) R Teófilo L Constantino,23112
070669,38.799093,-9.111194,R Mal António Spínola 99,23113
070667,38.797585,-9.115129,R Mal António Spínola (Supermercado),23114
070665,38.797578,-9.115723,Alameda das Comunidades (C Saúde),23115
070664,38.796699,-9.116307,Estr Militar (Rotunda) (Sacavém),23116
070662,38.795859,-9.117283,R M Gomes Costa 82 (Supermercado),23118
070661,38.795951,-9.117137,R M Gomes Costa 82 (Supermercado),23119
070660,38.796118,-9.119208,R Marechal Gomes Costa 82 (Armazéns),23120
070659,38.796201,-9.119117,R Marechal Gomes Costa 82 (Armazéns),23121
070658,38.798017,-9.123319,B Sto António (X) Rua D,23122
070657,38.798434,-9.122988,B Sto António (X) Rua D,23123
070655,38.796990,-9.123086,R Cooperativa 26 Abril 16,23124
070653,38.796023,-9.122464,R Cooperativa 26 Abril 16,23125
070651,38.794861,-9.123679,R Assoc Mor Força Povo 25,23126
070649,38.796015,-9.123411,R S João 8 (B Sto António),23127
070647,38.798510,-9.123087,R 5 Centenário 118 ( B Sto António),23128
070645,38.799734,-9.134158,R Bombeiros Voluntários (Escola),23129
070643,38.799029,-9.135876,R Bombeiros Voluntários 24 (Rotunda),23130
070641,38.797868,-9.145438,R Fetais 28 (Largo),23131
070639,38.796734,-9.148275,Urb Qta Mós 13A (Fetais),23132
070637,38.797933,-9.149105,Urb Qta Mós 4 (Fetais),23133
070635,38.798738,-9.147765,R Fetais 3 (Supermercado),23135
070633,38.797830,-9.144986,R Fetais 28 (Largo),23136
070632,38.797369,-9.142576,R Fetais (Rotunda),23137
070631,38.797483,-9.142465,R Fetais (Rotunda),23138
070629,38.798837,-9.136505,R Bombeiros Voluntários 24,23139
070627,38.799691,-9.134594,R Bombeiros Voluntários (Escola),23140
070626,38.801523,-9.129598,R Avelino Salgado Oliveira (Igreja),23141
070625,38.801656,-9.128755,R Avelino Salgado Oliveira (Igreja),23142
070624,38.801986,-9.127422,Lgo Eng Armando Bandeira Vaz (Camarate),23143
070623,38.802060,-9.127297,Lgo Eng Armando Bandeira Vaz (Camarate),23144
070622,38.801145,-9.122395,Estrada Militar 5 (Campo Rio),23145
070621,38.801436,-9.122305,Estrada Militar 5 (Campo Rio),23146
070620,38.800846,-9.119994,B S João (X) Rua D,23147
070619,38.801039,-9.119963,B S João (X) Rua D,23148
070618,38.798662,-9.117672,R Dr Gilberto Lindim Ramos 6375,23149
070617,38.798954,-9.117687,R Dr Gilberto Lindim Ramos 6375,23150
070613,38.797829,-9.116734,R Qta S João Areias (Sacavém),23151
070611,38.776731,-9.102914,R Franc Marques Beato 26,23152
070605,38.782078,-9.114031,Av Descobrimentos (X) R Fernão Magalhães,23155
070603,38.783285,-9.113932,Av Descobrimentos (X) R Fernão Magalhães,23156
070601,38.783572,-9.115620,Av República (X) R Almirante Reis,23158
070599,38.784835,-9.115927,Av Escolas (Parque),23159
070597,38.785567,-9.114302,Av Escolas (Escola),23160
070595,38.785534,-9.111506,R Mouz Alburquerque (X) R Escola,23162
070593,38.783845,-9.109817,Av República (Piscinas),23163
070592,38.782160,-9.108512,R Escritores 136 (Portela),23165
070591,38.782325,-9.108374,R Escritores 136 (Portela),23166
070589,38.781324,-9.107782,Av Descobrimentos (X) Seminário,23168
070587,38.782052,-9.101546,R Adão Barata (C Saúde),23169
070585,38.779530,-9.102562,Av Moscavide (Igreja),23170
070577,38.775058,-9.103633,R 1 de Maio (Moscavide),23173
070569,38.825972,-9.172866,R João Abel Manta 6,23175
070567,38.814026,-9.155575,R Comandante Sacadura Cabral 29,23176
070565,38.813678,-9.159608,Av Conde Avranches 4,23177
070563,38.815244,-9.161721,Av Conde Avranches 8,23178
070559,38.811955,-9.159420,Av Francisco Pinto Pacheco (Igreja),23179
070555,38.815099,-9.155396,R Comandante Sacadura Cabral 49,23181
070521,38.816299,-9.154703,Ponte Frielas (X) R David José Chitas,23183
070551,38.825861,-9.171980,R João Abel Manta 1 (Urmeira),23184
070550,38.826668,-9.175807,Pcta Prof Barahona Fernandes (Urmeira),23185
070549,38.826787,-9.175816,Pcta Prof Barahona Fernandes (Urmeira),23186
070548,38.826430,-9.174896,R João Abel Manta 10 (Urmeira),23187
070547,38.826540,-9.174935,R João Abel Manta 10 (Urmeira),23188
070546,38.838748,-9.171632,R S João Deus 7 (Fanqueiro),23189
070545,38.838700,-9.171650,R S João Deus 7 (Fanqueiro),23190
070544,38.839272,-9.170763,R Joaquim Fernandes 8A (Fanqueiro),23191
070543,38.839300,-9.170840,R Joaquim Fernandes 8A (Fanqueiro),23192
070542,38.839732,-9.168809,R Marechal Craveiro Lopes 26,23193
070541,38.839900,-9.169000,R Marechal Craveiro Lopes 26,23194
070540,38.838781,-9.167164,R Marechal Craveiro Lopes 6 (Fanqueiro),23195
070539,38.838843,-9.167055,R Marechal Craveiro Lopes 6 (Fanqueiro),23196
070538,38.842420,-9.162978,Infantado (X) Via Rápida,23197
070537,38.842053,-9.162918,Infantado (X) Via Rápida,23198
070533,38.796300,-9.099683,Sacavém (Estação),23200
070532,38.828900,-9.138515,R Com Ramiro Correia (B Espinhal),23201
070531,38.829033,-9.138301,R Com Ramiro Correia (B Espinhal),23202
070529,38.827918,-9.170532,R Cidade Horta 10 (IEFP),23203
070527,38.828473,-9.168866,R Man Franc Soromenho 41A,23204
070525,38.823568,-9.160512,R Cidade Janeiro 67 (Mealhada),23205
070524,38.821731,-9.158133,Mealhada (X) Qta Conventinho,23206
070484,38.821385,-9.158066,R Cidade Rio Janeiro (X) Conventinho,23207
070519,38.812711,-9.130060,En 250 (X) B N Sra Conceição,23209
070517,38.796445,-9.104268,Praça República (Est Serviço),23210
070515,38.790958,-9.103877,En 6-1 (Sacavém),23211
070514,38.793399,-9.104073,En 10 (Clinica) (Sacavém),23212
070513,38.793536,-9.103830,En 10 (Clinica) (Sacavém),23213
070512,38.810730,-9.118994,En 250 (X) Catujal,23214
070511,38.810791,-9.118824,En 250 (X) Catujal,23215
070510,38.811334,-9.122924,En 250 (Qta Quintinha),23216
070509,38.811320,-9.123226,En 250 (Qta Quintinha),23217
070508,38.811117,-9.127614,En 250 (X) Sol Avesso,23218
070507,38.811173,-9.127493,En 250 (X) Sol Avesso,23219
070505,38.812392,-9.129449,En 250 (X) B N Sra Conceição,23220
070504,38.813516,-9.132178,En 250 (X) R Gen Humb Delgado,23221
070503,38.813596,-9.131994,En 250 (X) R Gen Humb Delgado,23222
070502,38.814942,-9.133243,En 250 57 (Apelação),23223
070501,38.814965,-9.133110,En 250 57 (Apelação),23224
070500,38.817915,-9.135836,En 250 (X) B Qta Fonte,23225
070499,38.818017,-9.135846,En 250 (X) B Qta Fonte,23226
070498,38.828123,-9.138498,En 250 (X) Unhos,23227
070497,38.828243,-9.138310,En 250 (X) Unhos,23228
070496,38.825488,-9.143087,R Castanheira Neves 6 (Frielas),23229
070495,38.825607,-9.142972,R Castanheira Neves 6 (Frielas),23230
070494,38.824591,-9.144867,En 250 (X) R 28 Setembro (C Futebol),23231
070493,38.824582,-9.144717,En 250 (X) R 28 Setembro (C Futebol),23232
070492,38.822285,-9.146090,En 250 (X) R 28 Setembro (Z Industrial),23233
070491,38.822426,-9.145914,En 250 (X) R 28 Setembro (Z Industrial),23234
070490,38.820130,-9.147643,En 250 (X) R 28 Setembro,23235
070489,38.820122,-9.147384,En 250 (X) R 28 Setembro,23236
070488,38.818828,-9.148873,En 250 50 (Ponte Frielas),23237
070487,38.818649,-9.149230,En 250 50 (Ponte Frielas),23238
070486,38.815838,-9.153162,R 28 Setembro (Ponte Frielas),23239
070485,38.815553,-9.153796,R 28 Setembro (Ponte Frielas),23240
070481,38.823617,-9.161224,R Cidade Rio Janeiro 71,23243
070479,38.828387,-9.168121,R Manuel Augusto Pacheco 23,23244
070478,38.827024,-9.169254,R M Francisco Soromenho 25 (X) Cartório,23245
070477,38.826915,-9.169253,R M Francisco Soromenho 25 (X) Cartório,23246
070476,38.826480,-9.171421,R 4 Outubro (Urmeira),23247
070475,38.826547,-9.171071,R 4 Outubro (Urmeira),23248
070474,38.824441,-9.169136,R Manuel Francisco Soromenho 59,23249
070473,38.824551,-9.169089,R Manuel Francisco Soromenho 59,23250
070472,38.824155,-9.171626,R Ponta Delgada (Rotunda),23251
070471,38.824230,-9.171712,R Ponta Delgada (Rotunda),23252
070470,38.819874,-9.176448,Qta Casal da Pipa (C Comercial),23254
070467,38.880442,-9.152769,Fanhões (R Alfredo Dinis Alex 13),23255
070466,38.881144,-9.159975,Monte Esperança,23256
070465,38.881223,-9.159918,Monte Esperança,23257
070463,38.880998,-9.156234,Fanhões (R Bela Vista 26),23258
070461,38.880824,-9.152944,Fanhões (Quiosque),23259
070460,38.875803,-9.152178,Estrada Fanhões (Matadouro),23260
070459,38.876048,-9.152185,Estrada Fanhões (Matadouro),23261
070458,38.871120,-9.150147,Pinteus (Placa),23262
070457,38.871181,-9.150050,Pinteus (Placa),23263
070456,38.867621,-9.154267,R. José Rodrigues Beira Alta 5C,23264
070455,38.867530,-9.154156,R. José Rodrigues Beira Alta 5C,23265
070453,38.829481,-9.165894,R República 32 (Mercado),23266
070451,38.858822,-9.157654,Bº Zambujeiro (R D Pedro V 10),23267
070445,38.856211,-9.163564,Manjoeira (Bº Municipal),23271
070443,38.841786,-9.161261,Av Descobertas 13 (Infantado),23272
070441,38.840483,-9.160784,R Vasco Gama 30 (Infantado),23273
070439,38.839335,-9.159319,R Vasco Gama 66 (Infantado),23274
070437,38.837549,-9.157447,Av Descobertas 71 (Infantado),23275
070435,38.833542,-9.155540,Av Descobertas (C Comercial),23276
070433,38.850046,-9.164825,A Das Lebres (R Major Rosa Basto),23277
070431,38.860412,-9.156096,Manjoeira (R 1º Maio) (X) Zambujeiro,23278
070430,38.859049,-9.150885,Pinteus (X) Manjoeira,23279
070429,38.859283,-9.151187,Pinteus (X) Manjoeira,23280
070427,38.854242,-9.145143,Sto Antão Tojal (Estr Pinteus),23281
070426,38.855306,-9.147495,Sto Antão Tojal (Posto Médico),23282
070425,38.855365,-9.147364,Sto Antão Tojal (Posto Médico),23283
070423,38.859168,-9.151177,Pinteus (X) Manjoeira,23284
070421,38.860237,-9.156067,Manjoeira (R 1º Maio) (X) Zambujeiro,23285
070420,38.861726,-9.158382,Manjoeira (R 1º Maio 10),23286
070419,38.861774,-9.158276,Manjoeira (R 1º Maio 10),23287
070417,38.863271,-9.160000,Manjoeira (Lgo Alfredo Caldeira),23288
070416,38.862275,-9.161314,Manjoeira (Socied Recreativa),23289
070415,38.862204,-9.161259,Manjoeira (Socied Recreativa),23290
070414,38.861260,-9.162418,Manjoeira (R República 8),23291
070413,38.861268,-9.162307,Manjoeira (R República 8),23292
070412,38.860144,-9.165362,Manjoeira (X) Bº Municipal,23293
070411,38.859888,-9.165511,Manjoeira (X) Bº Municipal,23294
070410,38.857329,-9.167701,A Das Lebres (Serração),23295
070409,38.857077,-9.168070,A Das Lebres (Serração),23296
070408,38.853553,-9.168845,A Das Lebres (R Liberdade 116),23297
070407,38.853766,-9.168977,A Das Lebres (R Liberdade 116),23298
070406,38.852529,-9.167058,A Das Lebres (R Liberdade 115),23299
070405,38.852567,-9.166953,A Das Lebres (R Liberdade 115),23300
070404,38.851482,-9.166054,A Das Lebres (Restaurante),23301
070403,38.851695,-9.166063,A Das Lebres (Restaurante),23302
070401,38.850915,-9.164534,A Das Lebres (Chafariz),23303
070400,38.848392,-9.162930,A Das Lebres (R Liberdade 11),23304
070399,38.848591,-9.163008,A Das Lebres (R Liberdade 11),23305
070398,38.847370,-9.165947,Qta Carrafouchas,23306
070397,38.847302,-9.165835,Qta Carrafouchas,23307
070396,38.847079,-9.171914,Centro Empresarial De Loures,23308
070395,38.847000,-9.171830,Centro Empresarial De Loures,23309
070394,38.847351,-9.176006,Casal Nobre,23310
070393,38.847402,-9.175626,Casal Nobre,23311
070392,38.845470,-9.179161,Sete Casas (Sml),23312
070391,38.845476,-9.179300,Sete Casas (Sml),23313
070390,38.826917,-9.162431,R Alfredo Duarte Pinto (P Combustível),23314
070389,38.826794,-9.162337,R Alfredo Duarte Pinto (P Combustível),23315
070388,38.832232,-9.156661,Av Descobertas (C Comercial),23316
070385,38.833582,-9.155798,Av Descobertas (C Comercial),23318
070383,38.837125,-9.157202,Av Descobertas 79 (Infantado),23319
070381,38.839604,-9.159994,R Vasco Gama 15 (Infantado),23320
070379,38.840578,-9.161232,R Vasco Gama 29 (Infantado),23321
070377,38.842551,-9.161111,Av Descobertas (Escola),23322
070375,38.812722,-9.156322,Av João B Núncio (Correios),23323
070374,38.823753,-9.175798,Hospital Beatriz Ângelo,23324
070373,38.824014,-9.176422,Hospital Beatriz Ângelo,23325
070369,38.822281,-9.176138,Hospital Beatriz Ângelo (Consultas),23326
070367,38.824012,-9.173994,R Planalto,23327
070365,38.816978,-9.174384,Qta Casal da Pipa (Rotunda),23328
070364,38.823776,-9.176164,Hospital Beatriz Ângelo,23329
070362,38.826111,-9.169332,R Man Franc Soromenho 25 (X) Cartório,23331
070361,38.826301,-9.169336,R Man Franc Soromenho 25 (X) Cartório,23332
070360,38.824621,-9.165940,R Câmara de Lobos 28 (Mealhada),23333
070359,38.824697,-9.165834,R Câmara de Lobos 28 (Mealhada),23334
070358,38.823875,-9.163668,R Câmara de Lobos 1 (Mealhada),23335
070357,38.823766,-9.163719,R Câmara de Lobos 1 (Mealhada),23336
070356,38.824057,-9.162516,R Ilha Terceira 21 (Rotunda) (Mealhada),23337
070355,38.823992,-9.162506,R Ilha Terceira 21 (Rotunda) (Mealhada),23338
070354,38.840852,-9.194820,R Combatentes Ultramar 86,23339
070353,38.840995,-9.194803,R Combatentes Ultramar 86,23340
070352,38.842076,-9.196822,R Combatentes do Ultramar 108 (Botica),23341
070351,38.842147,-9.196741,R Combatentes do Ultramar 108 (Botica),23342
070350,38.843998,-9.199410,R Combatentes Ultramar 148 (Guerreiros),23343
070349,38.844138,-9.199402,R Combatentes Ultramar 148 (Guerreiros),23344
070348,38.845858,-9.199656,R Combatentes Ultramar 166 (Guerreiros),23345
070347,38.845892,-9.199502,R Combatentes Ultramar 166 (Guerreiros),23346
070344,38.810198,-9.162193,Av Ant Galvão Andrade 38B (Piscinas),23348
070343,38.810423,-9.162193,Av Ant Galvão Andrade 38B (Piscinas),23349
070342,38.810072,-9.160910,Av Ant Galvão Andrade 38B (Supermercado),23350
070341,38.810330,-9.161082,Av Ant Galvão Andrade 38B (Supermercado),23351
070340,38.810839,-9.160376,R da Belavista 68-64,23352
070339,38.810917,-9.160203,R da Belavista 68-64,23353
070338,38.810141,-9.159093,R Nossa Sra Nazaré 13 (Flamenga),23354
070337,38.809978,-9.159010,R Nossa Sra Nazaré 13 (Flamenga),23355
070336,38.810832,-9.157608,Praceta Flamenga 24 (Escola),23356
070335,38.810915,-9.157579,Praceta Flamenga 24 (Escola),23357
070333,38.824096,-9.143558,R Qta Pinto 13 (Frielas),23358
070332,38.814920,-9.159734,R Manuel Casimiro Q1,23359
070331,38.815246,-9.160065,R Manuel Casimiro Q1,23360
070329,38.813034,-9.180598,R José Afonso14 (Torres Bela Vista),23361
070328,38.810271,-9.175573,R Vergilio Ferreira (Escola),23362
070327,38.810071,-9.175479,R Vergilio Ferreira (Escola),23363
070324,38.812594,-9.178619,R Vergilio Ferreira (Torres Bela Vista),23365
070323,38.812556,-9.178426,R Vergilio Ferreira (Torres Bela Vista),23366
070322,38.813615,-9.167418,R Ant Sérgio (x) R A Herculano (Escola),23367
070321,38.813803,-9.167465,R Ant Sérgio (x) R A Herculano (Escola),23368
070319,38.812753,-9.164219,Av D Luís Menezes (X) Av D Sebastião,23369
070317,38.813344,-9.163316,Av D Luís Menezes (X) Pct Corte Real,23370
070315,38.812195,-9.162421,Pça Dom Rui da Câmara 39B,23371
070313,38.813104,-9.157090,Av Marquês Marialva (Correios),23372
070312,38.812722,-9.159533,Av Marquês Marialva (Igreja),23373
070311,38.812517,-9.159581,Av Marquês Marialva (Igreja),23374
070310,38.813750,-9.160791,Av M Carlos Andrade (C Saúde),23375
070309,38.813789,-9.160573,Av M Carlos Andrade (C Saúde),23376
070307,38.812158,-9.162299,Av D Luís Menezes (C Reformados),23377
070305,38.812713,-9.163335,R Pedro Galego 10,23378
070303,38.812964,-9.163981,Av D Sebastião (x) R Lourenço Almada,23379
070302,38.811186,-9.165109,Av D Sebastião (X) Pct Manuel Fialho,23380
070301,38.811282,-9.165109,Av D Sebastião (X) Pct Manuel Fialho,23381
070300,38.812929,-9.166108,Av D Sebastião 16,23382
070299,38.812954,-9.165996,Av D Sebastião 16,23383
070298,38.813984,-9.166571,Av Luís de Camões (C Comercial),23384
070297,38.814101,-9.166289,Av Luís de Camões (Dep Água),23385
070296,38.815618,-9.165704,Av Luís de Camões 5,23386
070295,38.815634,-9.165464,Av Luís de Camões 5,23387
070294,38.817257,-9.165005,R Fernão Mendes Pinto 11A (Cidade Nova),23388
070293,38.817341,-9.165137,R Fernão Mendes Pinto 11A (Cidade Nova),23389
070292,38.819099,-9.166753,R Rómulo Carvalho 14 (Escola),23390
070291,38.819076,-9.166585,R Rómulo Carvalho 14 (Escola),23391
070290,38.819800,-9.166340,R Sebastião e Silva 19 (Q Conventinho),23392
070289,38.819946,-9.166256,R Sebastião e Silva 19 (Q Conventinho),23393
070288,38.855374,-9.185173,R Dario Cannas (x) En 374,23394
070287,38.855425,-9.185004,R Dario Cannas (x) En 374,23395
070285,38.858306,-9.192958,R Maria Amália Vaz de Carvalho 48,23396
070283,38.825795,-9.162179,R República (Palácio Justiça),23397
070280,38.851529,-9.187244,R Capitães de Abril 34A (Milharada),23398
070279,38.851588,-9.187203,R Capitães de Abril 34A (Milharada),23399
070278,38.850780,-9.189492,R Chafariz 211 (B Novo Palhais),23400
070277,38.850361,-9.189097,R Chafariz 211 (B Novo Palhais),23401
070276,38.850200,-9.190420,R Chafariz 201 (B Novo Palhais),23402
070275,38.850100,-9.190460,R Chafariz 201 (B Novo Palhais),23403
070274,38.851406,-9.191725,R 25 Abril 57 (B Novo Palhais),23404
070273,38.851511,-9.191838,R 25 Abril 57 (B Novo Palhais),23405
070272,38.852538,-9.194119,R Paz 115 (B Novo Palhais),23406
070271,38.852684,-9.194147,R Paz 115 (B Novo Palhais),23407
070269,38.858241,-9.193067,R Maria Amália Vaz de Carvalho 29,23408
070268,38.860911,-9.190193,R Dário Cannas 9B (Murteira),23409
070267,38.860969,-9.190109,R Dário Cannas 9B (Murteira),23410
070266,38.862975,-9.190652,R Francisco Simões Chacoso (X) R Cabine,23411
070265,38.863022,-9.190754,R Francisco Simões Chacoso (X) R Cabine,23412
070264,38.864593,-9.189953,R Francisco Simões Chacoso 17,23413
070263,38.864533,-9.190136,R Francisco Simões Chacoso 17,23414
070262,38.868061,-9.183566,R Francisco Simões Chacoso (X) En 374,23415
070261,38.868103,-9.183453,R Francisco Simões Chacoso (X) En 374,23416
070259,38.901191,-9.189394,R Dr Catanho Menezes 6,23417
070258,38.846798,-9.181925,R Escola 272 (Milharada),23418
070257,38.846746,-9.181825,R Escola 272 (Milharada),23419
070256,38.844983,-9.183099,R Infância (Milharada),23420
070255,38.844904,-9.183019,R Infância (Milharada),23421
070254,38.844952,-9.181269,R 1 Dezembro (Milharada),23422
070253,38.844883,-9.181224,R 1 Dezembro (Milharada),23423
070252,38.836253,-9.169683,En 115 (Supermercado),23424
070251,38.836446,-9.169332,En 115 (Supermercado),23425
070250,38.828577,-9.165047,R República 26 (Campo Futebol),23426
070248,38.833482,-9.170977,En 115 (x) R Horta Ponte,23427
070247,38.833292,-9.171205,En 115 (x) R Horta Ponte,23428
070244,38.837611,-9.170299,R Cmte Carvalho Araújo 9 (Fanqueiro),23430
070243,38.837745,-9.170351,R Cmte Carvalho Araújo 9 (Fanqueiro),23431
070242,38.837415,-9.173384,R Cmte Carvalho Araújo 52 (Sete Casas),23432
070241,38.837676,-9.174189,R Cmte Carvalho Araújo 71 (Sete Casas),23433
070240,38.839910,-9.176872,R Cmte Carvalho Araújo 82 (Sete Casas),23434
070239,38.839339,-9.176402,R Cmte Carvalho Araújo (Chafariz),23435
070238,38.842411,-9.178117,R Cmte Carvalho Araújo 91 (Sete Casas),23436
070237,38.842281,-9.177747,R Cmte Carvalho Araújo 91 (Sete Casas),23437
070236,38.843840,-9.179302,R Cmte Carvalho Araújo 115 (Sete Casas),23438
070235,38.844289,-9.179335,R Cmte Carvalho Araújo 115 (Sete Casas),23439
070234,38.847330,-9.180824,R Cmte Carvalho Araújo 151 (Murteira),23440
070233,38.847375,-9.180684,R Cmte Carvalho Araújo 151 (Murteira),23441
070231,38.867059,-9.177166,R Orquideas (Mato Antão),23442
070230,38.867766,-9.180755,R Alecrim (Malhapão),23443
070229,38.867682,-9.180638,R Alecrim (Malhapão),23444
070228,38.877654,-9.184880,R Nossa Sra Livramento (X) R 25 Abril,23445
070227,38.877604,-9.184740,R Nossa Sra Livramento (X) R 25 Abril,23446
070226,38.880336,-9.193428,R 25 Abril (X) R Capela (Salemas),23447
070225,38.880235,-9.193383,R 25 Abril (X) R Capela (Salemas),23448
070224,38.881971,-9.193517,R 25 Abril 30 (Salemas),23449
070223,38.881962,-9.193443,R 25 Abril 30 (Salemas),23450
070222,38.885231,-9.193622,R 25 Abril (Rotunda) (Salemas),23451
070221,38.885066,-9.193392,R 25 Abril (Rotunda) (Salemas),23452
070220,38.890583,-9.190523,R 25 Abril (Central Elétrica),23453
070219,38.890395,-9.190558,R 25 Abril (Central Elétrica),23454
070218,38.893091,-9.188300,R Nossa Sra Livramento (Tocadelos),23455
070217,38.893367,-9.188029,R Nossa Sra Livramento (Tocadelos),23456
070216,38.897022,-9.186715,R Dr Catanho Menezes (X) Estr Cabeço,23457
070215,38.896706,-9.186551,R Dr Catanho Menezes (X) Estr Cabeço,23458
070213,38.900211,-9.188983,R Dr Catanho Menezes (Igreja),23459
070212,38.903330,-9.190183,R Dr Catanho Menezes (Igreja),23460
070211,38.903542,-9.190001,R Dr Catanho Menezes (X) R Escola,23461
070210,38.902813,-9.193353,R Fetão 41 (Cabeço Montachique),23462
070209,38.902716,-9.193401,R Fetão 41 (Cabeço Montachique),23463
070208,38.901544,-9.107208,Vila Rei (Igreja),23464
070207,38.901635,-9.107271,R G Humberto Delgado (Capela),23465
070205,38.901878,-9.103998,En 116 (X) R Marquês Pombal (Vila Rei),23466
070203,38.902760,-9.100763,R Mov Forças Armadas (X) En 116,23467
070201,38.918807,-9.078509,R. Do Mato Da Cruz 1,23468
070200,38.902585,-9.078486,Romeira Cima,23469
070199,38.902459,-9.078415,Romeira Cima,23470
070198,38.903542,-9.092973,Romeira Do Baixo,23471
070197,38.903647,-9.092873,Romeira Do Baixo,23472
070196,38.902850,-9.100506,Vila Rei (X) Charneca,23473
070195,38.902669,-9.100694,Vila Rei (X) Charneca,23474
070193,38.903696,-9.100342,Vila Rei (R Movimento Das Forças Armadas 7),23475
070191,38.904432,-9.101095,Vila De Rei (R 1º Dezembro 10),23476
070189,38.904496,-9.102817,Vila Rei (Lgo Casal Manuel Roberto),23477
070187,38.904038,-9.103629,Vila Rei (Escola),23478
070185,38.903120,-9.104581,Vila Rei (R 25 Abril 68),23479
070183,38.902706,-9.105879,Vila Rei (R 25 Abril 44),23480
070181,38.901757,-9.107359,Vila Rei (Capela),23481
070180,38.901147,-9.111456,Bucelas (Casal Roque),23482
070179,38.901244,-9.111541,Bucelas (Casal Roque),23483
070178,38.901359,-9.115806,Bucelas (Centro Saúde),23484
070177,38.901280,-9.115699,Bucelas (Centro Saúde),23485
070175,38.902149,-9.117018,Rua Alexandre Herculano 12,23487
070174,38.902088,-9.120078,R Mal Carmona 53 (Bucelas),23488
070171,38.904200,-9.119690,Rua Doutor Zeca Afonso,23489
070169,38.910058,-9.128667,Bemposta (Capela),23490
070167,38.910537,-9.130165,Bemposta (R 25 Abril) Chafariz,23491
070165,38.911710,-9.132487,Bemposta (R 25 Abril 55),23492
070163,38.913026,-9.135351,Bemposta (R 25 De Abril 73),23493
070162,38.920900,-9.139770,Vila Nova (Pça Táxis),23494
070160,38.919200,-9.139010,Vila Nova (R António Martins 8),23495
070159,38.919200,-9.138970,Vila Nova (R António Martins 8),23496
070158,38.919400,-9.137430,Vila Nova (R António Martins 40),23497
070157,38.919500,-9.137420,Vila Nova (R António Martins 40),23498
070156,38.917900,-9.137140,Vila Nova (R Alfredo Dinis 41),23499
070155,38.917086,-9.136201,Vila Nova (R Alfredo Dinis 41),23500
070154,38.915580,-9.135678,Vila Nova (R Alfredo Dinis 35),23501
070153,38.915800,-9.135890,Vila Nova (R Alfredo Dinis 35),23502
070151,38.913036,-9.135116,Bemposta (R Escola) (X) En 115,23503
070149,38.912615,-9.133175,Bemposta (R Escola 12),23504
070147,38.912665,-9.131693,Bemposta (R Combatentes) Chafariz,23505
070145,38.912145,-9.130601,Bemposta (R Combatentes 28),23506
070143,38.911293,-9.129030,Bemposta (Lgo Prudênciana),23507
070141,38.910405,-9.128342,Bemposta (Capela),23508
070140,38.906200,-9.122610,Bucelas (Qta Boição),23509
070139,38.906300,-9.122570,Bucelas (Qta Boição),23510
070138,38.902925,-9.121451,Bucelas (X) Sobral,23511
070137,38.902866,-9.121345,Bucelas (X) Sobral,23512
070136,38.900899,-9.118982,Rua Marquês de Pombal 10 (Bucelas),23513
070135,38.900990,-9.118386,Rua Marquês de Pombal 10 (Bucelas),23514
070133,38.819955,-9.119836,R Esperança (X) Av Forças Armadas,23515
070131,38.817831,-9.124149,R Bartolomeu Dias (B Miratejo),23516
070129,38.812427,-9.118745,Av Forças Armadas (X) R 28 Setembro,23517
070127,38.801171,-9.110337,R Miguel Bombarda 82,23518
070126,38.795633,-9.100059,Sacavém (Estação),23519
070124,38.796628,-9.104183,R José Domingos Morais,23521
070123,38.796519,-9.104107,R José Domingos Morais,23522
070121,38.796390,-9.105343,Pça República (Igreja),23523
070120,38.798133,-9.107195,R Miguel Bombarda (Remal),23524
070119,38.798248,-9.107140,R Miguel Bombarda (Remal),23525
070118,38.800198,-9.109893,R Miguel Bombarda (RL),23526
070117,38.800259,-9.109738,R Miguel Bombarda (RL),23527
070115,38.801415,-9.110489,R Miguel Bombarda 88,23528
070114,38.803747,-9.111540,R Miguel Bombarda (X) Unhos,23529
070113,38.803634,-9.111365,R Miguel Bombarda (X) Unhos,23530
070112,38.808880,-9.116935,En 250 34.1 (Catujal),23531
070111,38.808773,-9.116717,En 250 34.1 (Catujal),23532
070110,38.810375,-9.118300,Av Forças Armadas (Catujal),23533
070109,38.810482,-9.118259,Av Forças Armadas (Catujal),23534
070108,38.810794,-9.118138,Av Forças Armadas (X) R Nova (Catujal),23535
070107,38.811039,-9.118472,Av Forças Armadas (X) R Nova (Catujal),23536
070105,38.813120,-9.118621,Av Forças Armadas 10 (Catujal),23537
070102,38.815400,-9.121900,R Joaquim Pires Jorge (Casal Machados),23540
070101,38.815471,-9.121822,R Joaquim Pires Jorge (Casal Machados),23541
070100,38.814636,-9.125100,R Joaquim Pires Jorge 17,23542
070099,38.814418,-9.125429,R Joaquim Pires Jorge 17,23543
070098,38.815391,-9.127629,R Ant Sérgio 3 (B Alto Moinho),23544
070097,38.815739,-9.127714,R Ant Sérgio 3 (B Alto Moinho),23545
070096,38.816669,-9.126133,R Ant Sérgio 63 (Escola),23546
070095,38.816729,-9.125857,R Ant Sérgio 63 (Escola),23547
070093,38.817849,-9.123628,R Bartolomeu Dias (X) R Liberdade,23548
070092,38.817814,-9.121987,R José Gomes Ferreira 62 (B Miratejo),23549
070091,38.817716,-9.121906,R José Gomes Ferreira 62 (B Miratejo),23550
070090,38.819135,-9.120318,R José Gomes Ferreira 86 (B Miradouro),23551
070089,38.818905,-9.120407,R José Gomes Ferreira 86 (B Miradouro),23552
070088,38.822799,-9.122430,R Esperança 17 (Unhos),23553
070087,38.823219,-9.122440,R Esperança 17 (Unhos),23554
070086,38.824930,-9.122761,R Luís Camões 13 (Unhos),23555
070085,38.824787,-9.122673,R Luís Camões 13 (Unhos),23556
070084,38.826361,-9.124334,Lgo Igreja (Unhos),23557
070083,38.826346,-9.124191,Lgo Igreja (Unhos),23558
070082,38.830341,-9.124733,R Com Ramiro Correia (Chafariz),23559
070081,38.830448,-9.124821,R Com Ramiro Correia (Chafariz),23560
070080,38.834217,-9.126647,R Com Ramiro Correia 3 (X) R Comissão,23561
070079,38.834291,-9.126529,R Com Ramiro Correia 3 (X) R Comissão,23562
070078,38.834215,-9.128559,R Com Ramiro Correia 3 (B Espinhal),23563
070077,38.834037,-9.128949,R Com Ramiro Correia 3 (B Espinhal),23564
070076,38.830967,-9.133326,R Com Ramiro Correia (B Espinhal),23565
070075,38.831046,-9.133437,R Com Ramiro Correia (B Espinhal),23566
070071,38.832038,-9.194867,R Raúl Rego (B Vitória),23567
070070,38.832953,-9.195743,R Casal Covão (B Vitória),23568
070069,38.833078,-9.195665,R Casal Covão (B Vitória),23569
070068,38.835700,-9.195312,R Nascente 16 (B Vitória),23570
070067,38.835773,-9.195409,R Nascente 16 (B Vitória),23571
070066,38.834406,-9.190620,R Nova 39 (B Vitória),23572
070065,38.834573,-9.190812,R Nova 39 (B Vitória),23573
070064,38.848720,-9.200707,R Comb Ultramar 208A (Guerreiros),23574
070063,38.848981,-9.200815,R Comb Ultramar 208A (Guerreiros),23575
070062,38.849589,-9.202747,Em 1306 69 (Moninhos),23576
070061,38.849612,-9.202639,EM1306 69,23577
070060,38.852094,-9.205820,Em 1306 99 (Moninhos),23578
070059,38.852160,-9.205583,QUINTA PORTELA,23579
070058,38.852998,-9.207073,Em 1306 81 (Moninhos),23580
070055,38.854185,-9.209604,R dos Moinhos 25 (Moninhos),23581
070054,38.855007,-9.211351,R das Begónias 54 (Moninhos),23582
070051,38.854516,-9.212980,R das Gipsófilas 165 (Moninhos),23583
070050,38.855462,-9.214228,R das Dálias (Moninhos),23584
070047,38.853115,-9.211148,Alameda Poder Local 13 (Moninhos),23585
070045,38.850618,-9.210266,Lgo dos Autocarros (Moninhos),23586
070043,38.825408,-9.163039,R Egas Moniz (Centro Saúde),23587
070042,38.831805,-9.174549,R Avelar Brotero 12A (Cemitério),23588
070041,38.831857,-9.174283,R Avelar Brotero 12A (Cemitério),23589
070040,38.843223,-9.224695,Em 539-3 26 (A-dos-Cãos),23590
070039,38.843331,-9.224706,Em 539-3 26 (A-dos-Cãos),23591
070037,38.830983,-9.168150,R República 76 (Câmara),23592
070035,38.828043,-9.164261,R República 14 (Escola),23593
070032,38.828833,-9.166873,Lg Marcos Romão Reis Junior,23595
070029,38.830168,-9.168981,R Frederico Tarre 5,23597
070028,38.831861,-9.171884,R da República 138 (Jardim),23598
070027,38.831888,-9.171508,R da República 138 (Jardim),23599
070026,38.831806,-9.178324,R Avelar Brotero 49 (Igreja),23600
070025,38.831790,-9.178035,R Avelar Brotero 49 (Igreja),23601
070024,38.833108,-9.183709,R Dr Armindo Monteiro 36 (Barro),23602
070023,38.833159,-9.183451,R Dr Armindo Monteiro 36 (Barro),23603
070022,38.837260,-9.188198,R Comb Ultramar 88 (Pinheiro Loures),23604
070021,38.837122,-9.187759,R Comb Ultramar 88 (Pinheiro Loures),23605
070020,38.838579,-9.191848,R Comb Ultramar (Pinheiro Loures),23606
070019,38.838643,-9.191648,R Comb Ultramar (Pinheiro Loures),23607
070018,38.840446,-9.199131,R Sta Teresinha 25 (Lagariça),23608
070017,38.840295,-9.198954,R Sta Teresinha 25 (Lagariça),23609
070015,38.840328,-9.202682,Em 539-3 46 (Lagariça),23610
070016,38.840438,-9.202045,Em 539-3 46 (Lagariça),23611
070014,38.840613,-9.205094,R José Leiria Fernandes 56 (Tojalinho),23612
070013,38.840676,-9.204942,R José Leiria Fernandes 56 (Tojalinho),23613
070012,38.840961,-9.206521,Em 539-3 15 (Tojalinho),23614
070011,38.840971,-9.206879,Em 539-3 15 (Tojalinho),23615
070010,38.841854,-9.208982,Em 539-3 27 (Entrematos),23616
070009,38.841907,-9.208923,Em 539-3 27 (Entrematos),23617
070008,38.842450,-9.210841,Em 539-3 9 (Entrematos),23618
070007,38.842508,-9.210805,Em 539-3 9 (Entrematos),23619
070006,38.843275,-9.213529,R D Carlos Mascarenhas (A-dos-Cãos),23620
070005,38.843348,-9.213529,R D Carlos Mascarenhas (A-dos-Cãos),23621
070004,38.843873,-9.221180,Em 539-3 17 (A-dos-Cãos),23622
070003,38.843819,-9.221051,Em 539-3 17 (A-dos-Cãos),23623
070002,38.843468,-9.223532,R Liberdade 10 (A-dos-Cãos),23624
070001,38.843386,-9.223390,R Liberdade 10 (A-dos-Cãos),23625
070895,38.806713,-9.139469,R G Júlio Conceição (X) R 28 Janeiro,23804
078000,38.802750,-9.124906,R José Francisco Raposo (Rotunda),23929
072415,38.801595,-9.103610,Rua Júlio Conceição Sousa Café,25324
072414,38.801763,-9.103804,Rua Júlio Conceição Sousa 5,25325
072416,38.794074,-9.100460,Rua da Fábrica da Loiça Rotunda,25326
072417,38.793573,-9.100732,Rua da Fábrica da Loiça,25327
072418,38.808730,-9.133481,EM 507-1 (X) Bairro das Sousas,25328
070418,38.863141,-9.159885,Manjoeira (Lgo Alfredo Caldeira),25329
071659,38.813568,-9.117589,R da Fraternidade 25 (Bairro Venceslau),25575
071660,38.812969,-9.115923,R Soc Rec Catujalense (Bairro Venceslau),25576
071661,38.811537,-9.116360,R da Fraternidade (x) R 28 Setembro (Bairro Venceslau),25577
072422,38.905018,-9.119559,R. Dr. Alberto Olliveira 16,25646
072421,38.918415,-9.071689,Aterro Sanitário Mato Cruz,25647
071663,38.918127,-9.075304,R do Tim Tim (Mato Cruz),25648
071662,38.918097,-9.076966,R do Tim Tim (X) R do Tim (Mato Cruz),25649
070581,38.776600,-9.101720,R Artur Ferreira Silva (X) Av Moscavide,25650
070579,38.776362,-9.102420,R Artur Ferreira Silva 33 (Moscavide),25651
071657,38.826036,-9.163903,R. Prof. Dr. Afonso Costa (Tribunal),25652
071658,38.826637,-9.164191,R Professor Egas Moniz (Supermercado),25653
071212,38.858671,-9.087168,R Sidónio Pais 24A,25654
070046,38.777388,-9.108863,Avenida Capitão Salgueiro Maia Frente 26,25957
070044,38.777276,-9.108996,Avenida Capitão Salgueiro Maia Frente 28,25958
070036,38.777192,-9.107062,Avenida Capitão Salgueiro Maia Frente 7,25959
070034,38.777081,-9.107274,Avenida Capitão Salgueiro Maia (X) Rua Doutor Filipe Araújo,25960
070038,38.776001,-9.105974,Rua Professor Doutor António Luciano Pacheco de Sousa Franco,25961
077973,38.815222,-9.098110,Rua da Primavera 32,25962
070072,38.816472,-9.097722,Rua Aristides Sousa Mendes 3,25963
079223,38.817064,-9.096365,Rua do Mercado Frente 16,25964
074935,38.817909,-9.095525,Rua Fernandina Talhadas Costas Frente 67,25965
078152,38.818941,-9.096795,Rua José Dias Coelho,25966
074566,38.820972,-9.097696,Rua 25 de Abril Frente 4,25967
077187,38.836528,-9.096360,Avenida Serpa Pinto 22,25968
072331,38.836639,-9.097057,Avenida Serpa Pinto Frente 7,25969
079109,38.837387,-9.099890,Avenida Serpa Pinto Lote 14,25970
078049,38.837443,-9.100582,Avenida Serpa Pinto Lote 111,25971
072267,38.803121,-9.125986,Rua José Francisco Raposo (Rotunda),25987
077719,38.803365,-9.124471,Rua Aquilino Ribeiro 12,25988
076204,38.803800,-9.123820,Rua Ivone Silva Frente 10,25989
075904,38.805190,-9.125600,Rua Natália Correia (Parque Desportivo),25990
072260,38.804631,-9.129366,Rua Noruega 83,25991
073409,38.807689,-9.176183,Rua Augusto Dias Silva (X) Rua António Rodrigues Ascenso,25992
076137,38.807427,-9.176172,Rua Augusto Dias Silva Frente 215,25993
073403,38.808644,-9.103049,Rua Professor Egas Moniz Frente 28,26014
076917,38.814362,-9.099583,Rua Mira Tejo (X) Rua Fundadores,26015
071529,38.794161,-9.119840,R José M Cerqueira Afonso Santos,26199